"Time (s)","Linear Acceleration x (m/s^2)","Linear Acceleration y (m/s^2)","Linear Acceleration z (m/s^2)","Absolute acceleration (m/s^2)"
8.171256000E-3,-4.183999896E-1,4.314000010E-1,-9.708999991E-1,1.141845576E0
1.809781900E-2,6.499999668E-3,-8.760000020E-2,-1.389999967E-2,8.893379572E-2
2.802281900E-2,5.379999802E-2,-7.449999452E-2,1.952999979E-1,2.158397048E-1
3.794938100E-2,1.506000012E-1,-6.899999827E-2,2.606999874E-1,3.088783637E-1
4.787594400E-2,2.830999792E-1,-1.023999974E-1,1.234999970E-1,3.253976136E-1
5.780250600E-2,4.069999754E-1,-1.362999976E-1,3.739999980E-2,4.308426967E-1
6.772906900E-2,4.921999872E-1,-8.179999888E-2,1.850000024E-2,4.992938185E-1
7.765563100E-2,4.141999781E-1,-6.469999999E-2,1.280999929E-1,4.383575254E-1
8.758219400E-2,4.045999944E-1,-4.710000008E-2,2.190999985E-1,4.625195940E-1
9.750719400E-2,4.626999795E-1,3.399999812E-3,3.326999843E-1,5.699053523E-1
1.074337560E-1,5.457999706E-1,4.919999838E-2,3.333999813E-1,6.414622322E-1
1.173603190E-1,5.539999604E-1,4.690000042E-2,3.308999836E-1,6.470010551E-1
1.272868810E-1,5.457999706E-1,2.799999900E-2,3.637000024E-1,6.564749041E-1
1.372134440E-1,5.018999577E-1,4.019999877E-2,4.476999938E-1,6.737617471E-1
1.471400060E-1,3.752000034E-1,5.319999903E-2,4.953999817E-1,6.237198284E-1
1.570650060E-1,2.796999812E-1,7.719999552E-2,4.848999977E-1,5.650839996E-1
1.669915690E-1,2.237999886E-1,8.850000054E-2,3.123999834E-1,3.943506493E-1
1.769181310E-1,2.283999920E-1,8.989999443E-2,3.559999913E-2,2.480240417E-1
1.868446940E-1,1.642999947E-1,-5.200000014E-3,-2.730000019E-2,1.666337849E-1
1.967712560E-1,1.564999968E-1,-3.499999875E-3,2.296999991E-1,2.779686827E-1
2.066978190E-1,9.269999713E-2,2.269999869E-2,5.604000092E-1,5.684687763E-1
2.166228190E-1,-4.729999974E-2,7.799999788E-3,7.220000029E-1,7.235897554E-1
2.265493810E-1,-1.516000032E-1,-5.319999903E-2,8.860999942E-1,9.005476115E-1
2.364759440E-1,-1.921999902E-1,-7.289999723E-2,1.045199990E0,1.065222167E0
2.464025060E-1,-2.446999997E-1,-1.251000017E-1,1.116799951E0,1.150117485E0
2.563290690E-1,-2.057999969E-1,-1.471000016E-1,1.030699968E0,1.061289062E0
2.662556310E-1,-2.994000018E-1,-1.410999894E-1,8.024999499E-1,8.680758825E-1
2.761821940E-1,-3.702999949E-1,-1.447999924E-1,6.244999766E-1,7.403305646E-1
2.861071940E-1,-3.790999949E-1,-1.220999956E-1,4.654999971E-1,6.126299555E-1
2.960337560E-1,-3.607999980E-1,-9.789999574E-2,3.136000037E-1,4.879610744E-1
3.059603190E-1,-2.931999862E-1,-6.700000167E-2,1.809999943E-1,3.510216946E-1
3.158868810E-1,-2.026000023E-1,-2.459999919E-2,-3.000000026E-3,2.041100705E-1
3.258134440E-1,-1.612999886E-1,4.399999976E-3,-1.578999907E-1,2.257641543E-1
3.357384440E-1,-2.046999931E-1,1.499999966E-2,-2.055999935E-1,2.905141038E-1
3.456665690E-1,-2.066999972E-1,7.899999619E-3,-1.580999941E-1,2.603515065E-1
3.555915690E-1,7.050000131E-2,1.939999871E-2,-3.769999743E-2,8.226724707E-2
3.655181310E-1,3.495000005E-1,1.999999862E-3,1.618999988E-1,3.851828915E-1
3.754446940E-1,6.272000074E-1,-1.750000007E-2,2.700999975E-1,6.831106118E-1
3.853712560E-1,7.791999578E-1,1.339999959E-2,2.788999975E-1,8.277181543E-1
3.952978190E-1,8.096999526E-1,7.899999619E-2,3.173999786E-1,8.732684347E-1
4.052243810E-1,6.507999897E-1,1.115999967E-1,3.533999920E-1,7.489237212E-1
4.151509440E-1,4.916999936E-1,1.985999942E-1,3.977999985E-1,6.629145346E-1
4.250759440E-1,3.006999791E-1,3.106999993E-1,1.659999937E-1,4.631532845E-1
4.350025060E-1,1.160999984E-1,3.195999861E-1,-3.795000017E-1,5.095523643E-1
4.449290690E-1,-6.499999668E-3,2.762999833E-1,-9.085999727E-1,9.497040808E-1
4.548556310E-1,-1.384000033E-1,2.813999951E-1,-1.063699961E0,1.108962634E0
4.647806310E-1,-2.123999894E-1,2.881000042E-1,-8.987999558E-1,9.674485663E-1
4.747071940E-1,-2.590999901E-1,2.588000000E-1,-6.031999588E-1,7.056631173E-1
4.846337560E-1,-2.759999931E-1,1.914999932E-1,-2.712999880E-1,4.318007956E-1
4.945603190E-1,-2.064999938E-1,1.466999948E-1,-6.300000101E-2,2.610213325E-1
5.044868810E-1,-1.740999967E-1,8.190000057E-2,-1.300000004E-3,1.924061042E-1
5.144134440E-1,-2.576999962E-1,6.629999727E-2,5.939999968E-2,2.726414086E-1
5.243400060E-1,-3.294999897E-1,3.079999983E-2,1.009999961E-1,3.460056104E-1
5.342665690E-1,-2.811999917E-1,1.339999959E-2,-6.059999764E-2,2.879676285E-1
5.441915690E-1,-2.212999910E-1,3.429999948E-2,-2.304999977E-1,3.213727197E-1
5.541181310E-1,-1.992999911E-1,-1.269999985E-2,-3.233999908E-1,3.800912134E-1
5.640446940E-1,-2.049999982E-1,-5.029999837E-2,-3.475999832E-1,4.066704285E-1
5.739712560E-1,-2.782999873E-1,-3.769999743E-2,-2.176999897E-1,3.553385122E-1
5.838978190E-1,-3.601999879E-1,-4.259999841E-2,-2.201000005E-1,4.242673701E-1
5.938228190E-1,-4.227999747E-1,-3.799999878E-2,-3.197999895E-1,5.314845734E-1
6.037493810E-1,-5.054000020E-1,-7.999999821E-2,-2.480999976E-1,5.686675396E-1
6.136759440E-1,-4.620999992E-1,-8.949999511E-2,-7.479999959E-2,4.765938505E-1
6.236025060E-1,-3.319000006E-1,-1.096999943E-1,9.089999646E-2,3.611848675E-1
6.335290690E-1,-2.730000019E-1,-1.855999976E-1,2.212999910E-1,3.974292971E-1
6.434556310E-1,-2.236999869E-1,-2.150999904E-1,2.004999965E-1,3.694725140E-1
6.533806310E-1,-1.354999989E-1,-2.436999977E-1,1.878999919E-1,3.362385247E-1
6.633071940E-1,-1.842999905E-1,-2.329999954E-1,1.849000007E-1,3.499192687E-1
6.732337560E-1,-2.320999950E-1,-1.847999990E-1,1.952999979E-1,3.551950682E-1
6.831603190E-1,-4.539999962E-1,-1.776999980E-1,1.306999922E-1,5.047531811E-1
6.930868810E-1,-5.353999734E-1,-5.219999701E-2,4.459999874E-2,5.397843376E-1
7.030134440E-1,-5.640000105E-1,2.259999886E-2,-2.919999883E-2,5.652074059E-1
7.129384440E-1,-5.782999992E-1,-6.719999760E-2,0.000000000E0,5.821913163E-1
7.228650060E-1,-6.042000055E-1,-9.009999782E-2,1.508999914E-1,6.292427701E-1
7.327931310E-1,-4.765999913E-1,5.319999903E-2,3.423999846E-1,5.892499818E-1
7.427181310E-1,-4.869999886E-1,4.839999974E-2,3.306999803E-1,5.906555898E-1
7.526446940E-1,-4.185999930E-1,1.700000018E-1,2.423999906E-1,5.127218643E-1
7.625712560E-1,-5.166000128E-1,1.919000000E-1,2.066999972E-1,5.885797075E-1
7.724978190E-1,-5.151999593E-1,2.225999981E-1,1.334999949E-1,5.768916760E-1
7.824228190E-1,-4.253999889E-1,2.913999856E-1,-6.199999712E-3,5.156719327E-1
7.923493810E-1,-3.170000017E-1,3.005000055E-1,-1.732999980E-1,4.699171668E-1
8.022759440E-1,-1.506000012E-1,2.994999886E-1,-1.923999935E-1,3.865208416E-1
8.122025060E-1,-6.430000067E-2,2.689999938E-1,-5.429999903E-2,2.818580789E-1
8.221290690E-1,5.130000040E-2,3.066999912E-1,-3.289999813E-2,3.126963136E-1
8.320556310E-1,1.074999943E-1,3.145000041E-1,-6.939999759E-2,3.395332988E-1
8.419806310E-1,1.836999953E-1,3.018999994E-1,-1.433999985E-1,3.813828227E-1
8.519071940E-1,2.604999840E-1,3.085999787E-1,-2.266999930E-1,4.631274936E-1
8.618337560E-1,3.666999936E-1,3.057000041E-1,-2.320999950E-1,5.308406404E-1
8.717603190E-1,4.053999782E-1,2.150999904E-1,-2.090999931E-1,5.043212818E-1
8.816868810E-1,3.443999887E-1,1.547999978E-1,8.100000210E-3,3.776771128E-1
8.916134440E-1,3.529999852E-1,1.835999936E-1,4.787999988E-1,6.225491033E-1
9.015400060E-1,5.835999846E-1,3.291999996E-1,8.241999745E-1,1.062199219E0
9.114650060E-1,7.834999561E-1,3.738999963E-1,7.443000078E-1,1.143527827E0
9.213915690E-1,8.379999995E-1,3.477999866E-1,3.937999904E-1,9.890840522E-1
9.313196940E-1,9.062999487E-1,3.488000035E-1,2.140999883E-1,9.944243785E-1
9.412446940E-1,8.587999940E-1,3.594000041E-1,1.916999966E-1,9.505023311E-1
9.511712560E-1,7.380999923E-1,3.881999850E-1,2.008999884E-1,8.578179482E-1
9.610978190E-1,5.834999681E-1,3.613999784E-1,3.317999840E-1,7.623472873E-1
9.710243810E-1,3.896999955E-1,3.835999966E-1,3.841999769E-1,6.682998325E-1
9.809493810E-1,2.087000012E-1,3.644999862E-1,2.348999977E-1,4.812420798E-1
9.908759440E-1,8.159999549E-2,3.569999933E-1,3.350000083E-2,3.677360528E-1
1.000802506E0,1.010999978E-1,3.683999777E-1,1.019999944E-2,3.821567651E-1
1.010729069E0,1.538999975E-1,3.332999945E-1,3.150000051E-2,3.684648498E-1
1.020655631E0,2.151999921E-1,2.888000011E-1,1.299999934E-2,3.603962780E-1
1.030582194E0,2.951999903E-1,2.346999943E-1,6.279999763E-2,3.823231111E-1
1.040507194E0,3.348999918E-1,2.110999972E-1,1.986999959E-1,4.429479672E-1
1.050433756E0,2.285999954E-1,1.768999994E-1,4.930000007E-1,5.714897798E-1
1.060360319E0,1.631999910E-1,1.611000001E-1,5.349000096E-1,5.819840783E-1
1.070286881E0,2.251999974E-1,1.430999935E-1,3.267999887E-1,4.218896534E-1
1.080213444E0,2.861999869E-1,1.525999904E-1,4.439999908E-2,3.273660787E-1
1.090140006E0,3.170999885E-1,1.503999978E-1,-1.942999959E-1,4.011546465E-1
1.100066569E0,2.692999840E-1,1.495999992E-1,-3.377999961E-1,4.571777319E-1
1.109991569E0,1.529999971E-1,1.790999919E-1,-3.752999902E-1,4.430980578E-1
1.119918131E0,1.538999975E-1,2.107999921E-1,-3.192999959E-1,4.124006950E-1
1.129844694E0,1.648999900E-1,1.934999973E-1,-2.144999951E-1,3.326326856E-1
1.139771256E0,2.260999978E-1,1.856999993E-1,-2.560999990E-1,3.888353227E-1
1.149697819E0,2.879000008E-1,1.590999961E-1,-2.994000018E-1,4.447916144E-1
1.159624381E0,2.820999920E-1,1.332999915E-1,-3.545999825E-1,4.723245080E-1
1.169550944E0,1.810999960E-1,1.171000004E-1,-4.684000015E-1,5.156628550E-1
1.179475944E0,7.249999791E-2,8.169999719E-2,-5.834000111E-1,5.935374564E-1
1.189402506E0,-8.299999870E-3,1.070000008E-1,-7.611999512E-1,7.687283368E-1
1.199329069E0,-7.220000029E-2,1.659999974E-2,-9.039999843E-1,9.070305241E-1
1.209255631E0,-8.100000024E-2,-5.139999837E-2,-7.875999808E-1,7.934208780E-1
1.219182194E0,4.309999943E-2,-3.779999912E-2,-6.290999651E-1,6.317065901E-1
1.229108756E0,7.679999620E-2,-1.118000001E-1,-5.015000105E-1,5.195187580E-1
1.239035319E0,2.089999989E-2,-1.736999899E-1,-4.570999742E-1,4.894373125E-1
1.248960319E0,3.280000016E-2,-1.743000001E-1,-4.183000028E-1,4.543470286E-1
1.258886881E0,-3.240000084E-2,-2.048999965E-1,-4.858999848E-1,5.283299763E-1
1.268813444E0,-7.069999725E-2,-2.204999924E-1,-6.922000051E-1,7.299038178E-1
1.278740006E0,-1.655000001E-1,-3.075999916E-1,-8.628000021E-1,9.308232101E-1
1.288666569E0,-2.360000014E-1,-3.075000048E-1,-9.341999888E-1,1.011425663E0
1.298593131E0,-2.210000008E-1,-3.145000041E-1,-7.652999759E-1,8.564083757E-1
1.308518131E0,-5.289999768E-2,-2.969000041E-1,-3.213000000E-1,4.406605408E-1
1.318444694E0,3.680000082E-2,-2.990999818E-1,2.709999979E-1,4.052851317E-1
1.328371256E0,2.639999986E-2,-2.261999995E-1,7.629999518E-1,7.962614685E-1
1.338297819E0,-3.449999914E-2,-1.614999920E-1,8.501999974E-1,8.660903723E-1
1.348224381E0,-2.201999873E-1,-1.345999986E-1,6.405999660E-1,6.906326886E-1
1.358150944E0,-3.622999787E-1,-8.649999648E-2,3.691000044E-1,5.243837691E-1
1.368075944E0,-5.820999742E-1,1.009999961E-2,6.909999996E-2,5.862739973E-1
1.378002506E0,-6.369999647E-1,8.839999884E-2,-8.540000021E-2,6.487500866E-1
1.387929069E0,-5.159999728E-1,1.342999935E-1,-2.789999917E-2,5.339202845E-1
1.397855631E0,-4.165999889E-1,1.728999913E-1,1.527999938E-1,4.762329219E-1
1.407782194E0,-2.868999839E-1,2.307999879E-1,4.619999826E-1,5.907827173E-1
1.417708756E0,-2.820999920E-1,2.689999938E-1,6.046000123E-1,7.193626186E-1
1.427635319E0,-3.407999873E-1,2.629999816E-1,4.810999930E-1,6.455779000E-1
1.437560319E0,-4.448999763E-1,2.724999785E-1,3.847000003E-1,6.482178009E-1
1.447486881E0,-4.973999858E-1,2.904999852E-1,3.098999858E-1,6.540909635E-1
1.457413444E0,-4.418999851E-1,2.971999943E-1,1.887999922E-1,5.650211239E-1
1.467340006E0,-3.493999839E-1,3.111999929E-1,6.279999763E-2,4.720906947E-1
1.477266569E0,-2.583999932E-1,3.251000047E-1,1.140000001E-1,4.306466876E-1
1.487193131E0,-1.582999974E-1,3.486000001E-1,1.653999984E-1,4.170587594E-1
1.497119694E0,-1.753000021E-1,3.219999969E-1,1.500999928E-1,3.961617051E-1
1.507044694E0,-2.500000000E-1,3.437999785E-1,8.679999411E-2,4.338578848E-1
1.516971256E0,-3.148999810E-1,3.059999943E-1,3.460000083E-2,4.404488104E-1
1.526897819E0,-2.926999927E-1,3.075999916E-1,4.120000079E-2,4.266010790E-1
1.536824381E0,-2.038999945E-1,2.894999981E-1,5.810000002E-2,3.588329230E-1
1.546750944E0,-4.800000042E-2,2.910999954E-1,-3.399999812E-3,2.950504488E-1
1.556677506E0,2.969999984E-2,2.239999920E-1,-9.429999441E-2,2.448480659E-1
1.566604069E0,8.799999952E-3,1.965999901E-1,-4.879999906E-2,2.027570863E-1
1.576529069E0,1.630000025E-2,1.797999889E-1,5.200000014E-3,1.806121978E-1
1.586455631E0,5.260000005E-2,1.433999985E-1,2.019999921E-2,1.540725789E-1
1.596382194E0,8.729999512E-2,1.175999939E-1,5.350000039E-2,1.559272195E-1
1.606307194E0,1.334999949E-1,7.090000063E-2,6.929999590E-2,1.662875466E-1
1.616235319E0,1.592999995E-1,5.419999734E-2,8.429999650E-2,1.882036635E-1
1.626161881E0,1.952999979E-1,3.739999980E-2,1.482999921E-1,2.480599460E-1
1.636086881E0,2.124999911E-1,3.999999899E-4,1.741999984E-1,2.747763557E-1
1.646013444E0,2.105999887E-1,-1.740000024E-2,1.516999900E-1,2.601307406E-1
1.655940006E0,2.091999948E-1,1.310000010E-2,8.119999617E-2,2.247880940E-1
1.665866569E0,2.368999869E-1,3.339999914E-2,-6.679999828E-2,2.483936462E-1
1.675793131E0,2.254999876E-1,2.419999987E-2,-2.637999952E-1,3.478883756E-1
1.685719694E0,1.357000023E-1,3.559999913E-2,-3.055999875E-1,3.362635914E-1
1.695646256E0,8.489999920E-2,4.820000008E-2,-1.925999969E-1,2.159305645E-1
1.705571256E0,5.309999734E-2,8.129999787E-2,-1.105999947E-1,1.471790005E-1
1.715497819E0,7.970000058E-2,7.499999553E-2,-1.946999878E-1,2.233498929E-1
1.725424381E0,1.149999946E-1,6.009999663E-2,-2.809999883E-1,3.095125228E-1
1.735349381E0,1.114000008E-1,2.539999969E-2,-2.492999882E-1,2.742364021E-1
1.745277506E0,8.700000122E-3,-1.620000042E-2,-3.400000036E-1,3.404968905E-1
1.755204069E0,-9.259999543E-2,-5.949999765E-2,-3.592999876E-1,3.757811729E-1
1.765129069E0,-1.076999977E-1,-7.009999454E-2,-3.251999915E-1,3.496688908E-1
1.775055631E0,-4.629999772E-2,-4.839999974E-2,-1.781999916E-1,1.903719695E-1
1.784982194E0,5.449999869E-2,-5.729999766E-2,-4.849999771E-2,9.276739387E-2
1.794908756E0,9.549999982E-2,-1.124999970E-1,5.689999834E-2,1.581584936E-1
1.804835319E0,9.989999980E-2,-1.216999963E-1,7.919999957E-2,1.762485149E-1
1.814760319E0,6.599999964E-2,-1.297999918E-1,2.099999972E-2,1.471225266E-1
1.824686881E0,-1.418000013E-1,-1.398999989E-1,-2.987000048E-1,3.590277746E-1
1.834613444E0,-2.513999939E-1,-1.503999978E-1,-5.295999646E-1,6.052257751E-1
1.844540006E0,-3.244999945E-1,-1.379999965E-1,-5.399999619E-1,6.449373646E-1
1.854465006E0,-3.322999775E-1,-1.517999917E-1,-4.176999927E-1,5.549232347E-1
1.864391569E0,-2.542999983E-1,-1.631999910E-1,-1.714999974E-1,3.474406068E-1
1.874318131E0,-1.379999965E-1,-1.731999964E-1,5.319999903E-2,2.277553022E-1
1.884246256E0,-1.004999951E-1,-1.819999963E-1,8.999999613E-2,2.265485532E-1
1.894172819E0,-1.959999949E-1,-1.859999895E-1,-2.699999837E-3,2.702208062E-1
1.904097819E0,-2.443999946E-1,-1.759999990E-1,-7.229999453E-2,3.097331856E-1
1.914024381E0,-3.177999854E-1,-1.339000016E-1,-2.681999803E-1,4.368721444E-1
1.923950944E0,-3.640999794E-1,-1.648000032E-1,-4.232999980E-1,5.821603940E-1
1.933877506E0,-3.519999981E-1,-1.854999959E-1,-5.394999981E-1,6.703540073E-1
1.943802506E0,-2.750000060E-1,-1.916999966E-1,-4.661999941E-1,5.742093054E-1
1.953729069E0,-2.250999957E-1,-1.827999949E-1,-4.151999950E-1,5.064354669E-1
1.963655631E0,-2.656999826E-1,-1.964999884E-1,-5.210999846E-1,6.170526073E-1
1.973582194E0,-2.970999777E-1,-2.374999970E-1,-6.103000045E-1,7.191249828E-1
1.983508756E0,-2.541999817E-1,-2.136999965E-1,-6.579999924E-1,7.370544818E-1
1.993433756E0,-5.480000004E-2,-1.603000015E-1,-5.582999587E-1,5.834363499E-1
2.003360319E0,2.809999883E-2,-1.858000010E-1,-3.495000005E-1,3.968141891E-1
2.013286881E0,9.889999777E-2,-1.820999980E-1,-2.906999886E-1,3.569987426E-1
2.023213444E0,1.070000008E-1,-1.955000013E-1,-3.491999805E-1,4.142582251E-1
2.033140006E0,1.451999992E-1,-1.640999913E-1,-2.676999867E-1,3.459409340E-1
2.043066569E0,1.055999994E-1,-1.607999951E-1,-2.168999910E-1,2.899199966E-1
2.052993131E0,6.570000201E-2,-1.171000004E-1,-2.841999829E-1,3.143223355E-1
2.062918131E0,1.295000017E-1,1.119999960E-2,-2.502999902E-1,2.820386064E-1
2.072844694E0,1.153999940E-1,8.329999447E-2,-1.666999906E-1,2.191915476E-1
2.082771256E0,4.729999974E-2,1.574999988E-1,-1.261999905E-1,2.072920095E-1
2.092697819E0,7.840000093E-2,2.483999878E-1,-4.169999808E-2,2.637953827E-1
2.102624381E0,1.004000008E-1,2.331999987E-1,1.592999995E-1,2.997313621E-1
2.112549381E0,-1.799999969E-3,2.524999976E-1,3.373999894E-1,4.214240639E-1
2.122475944E0,-1.052999943E-1,2.816999853E-1,3.377999961E-1,4.522740407E-1
2.132404069E0,-7.869999856E-2,2.698999941E-1,3.039000034E-1,4.139986820E-1
2.142329069E0,1.199999941E-3,3.068999946E-1,2.212999910E-1,3.783685144E-1
2.152255631E0,7.140000165E-2,3.140999973E-1,1.319999993E-1,3.481102819E-1
2.162182194E0,6.689999998E-2,2.581999898E-1,7.750000060E-2,2.777572588E-1
2.172108756E0,1.377999932E-1,2.518999875E-1,8.259999752E-2,2.987728257E-1
2.182035319E0,1.776999980E-1,2.856000066E-1,1.568999887E-1,3.711633865E-1
2.191960319E0,2.178999931E-1,3.003999889E-1,3.686999977E-1,5.231254616E-1
2.201886881E0,2.513999939E-1,2.753999829E-1,6.008999944E-1,7.071972220E-1
2.211813444E0,2.581999898E-1,2.431999892E-1,8.014999628E-1,8.764791269E-1
2.221740006E0,3.025999963E-1,2.795999944E-1,7.860999703E-1,8.875224380E-1
2.231666569E0,2.953999937E-1,2.809000015E-1,6.480999589E-1,7.656366787E-1
2.241593131E0,2.251999974E-1,2.742999792E-1,4.585999846E-1,5.798874575E-1
2.251519694E0,5.040000007E-2,3.109000027E-1,1.372999996E-1,3.435844315E-1
2.261444694E0,2.899999963E-3,3.409999907E-1,-1.030000020E-2,3.411678380E-1
2.271371256E0,5.189999938E-2,2.791000009E-1,-1.640000008E-2,2.843578387E-1
2.281297819E0,1.556999981E-1,2.599999905E-1,1.811999977E-1,3.530947799E-1
2.291224381E0,3.333999813E-1,2.375999987E-1,4.032999873E-1,5.746826835E-1
2.301150944E0,3.032999933E-1,1.719999909E-1,5.515999794E-1,6.525621963E-1
2.311077506E0,3.707999885E-1,2.182999998E-1,6.862999797E-1,8.100340632E-1
2.321004069E0,3.179000020E-1,2.791000009E-1,7.881000042E-1,8.944600820E-1
2.330929069E0,1.604999900E-1,2.899999917E-1,8.014000058E-1,8.672382667E-1
2.340855631E0,-1.620000042E-2,3.226999938E-1,6.559000015E-1,7.311651920E-1
2.350782194E0,-1.419999897E-1,3.173999786E-1,6.062999964E-1,6.989323495E-1
2.360708756E0,-7.440000027E-2,3.913999796E-1,5.860999823E-1,7.086906894E-1
2.370635319E0,1.169999987E-1,3.658999801E-1,5.679000020E-1,6.856254133E-1
2.380561881E0,3.039999902E-1,3.310999870E-1,5.601999760E-1,7.182389634E-1
2.390488444E0,4.619999826E-1,3.704999983E-1,6.248999834E-1,8.609379896E-1
2.400413444E0,3.858999908E-1,3.777000010E-1,5.644999743E-1,7.811762379E-1
2.410340006E0,2.138999999E-1,3.328999877E-1,4.278999865E-1,5.828155885E-1
2.420266569E0,1.708000004E-1,3.143999875E-1,2.935999930E-1,4.628400892E-1
2.430193131E0,1.042999998E-1,3.078999817E-1,2.465999871E-1,4.080348544E-1
2.440119694E0,1.481999904E-1,2.601999938E-1,2.891999781E-1,4.162978517E-1
2.450046256E0,2.988999784E-1,2.330999970E-1,3.213000000E-1,4.969008912E-1
2.459971256E0,2.538999915E-1,1.960999966E-1,2.161999941E-1,3.868628333E-1
2.469897819E0,4.910000041E-2,1.165999994E-1,-2.601000071E-1,2.892375902E-1
2.479824381E0,-2.179999948E-1,1.573999971E-1,-6.712999940E-1,7.231475913E-1
2.489750944E0,-2.551999986E-1,1.454000026E-1,-7.552999854E-1,8.103988327E-1
2.499677506E0,-2.018999904E-1,1.049999967E-1,-7.113999724E-1,7.469126631E-1
2.509604069E0,4.930000007E-2,8.569999784E-2,-5.121999979E-1,5.216548835E-1
2.519530631E0,3.055999875E-1,1.582999974E-1,-2.660000026E-1,4.349784396E-1
2.529455631E0,4.363999963E-1,2.008999884E-1,-5.097000003E-1,7.004283349E-1
2.539382194E0,4.560000002E-1,1.152999997E-1,-7.810999751E-1,9.117824638E-1
2.549308756E0,3.159999847E-1,1.777999997E-1,-7.696999907E-1,8.508271893E-1
2.559235319E0,2.469999902E-2,2.199999988E-1,-5.090999603E-1,5.551512038E-1
2.569161881E0,-3.184999824E-1,2.375999987E-1,-2.795999944E-1,4.858725708E-1
2.579088444E0,-5.996999741E-1,3.147999942E-1,-1.700000018E-1,6.983116037E-1
2.589013444E0,-5.313000083E-1,3.491999805E-1,-3.671999872E-1,7.342044373E-1
2.598940006E0,-6.979999691E-2,4.818999767E-1,-8.240999579E-1,9.572044546E-1
2.608866569E0,1.997999996E-1,4.591999948E-1,-1.071499944E0,1.182749680E0
2.618793131E0,1.383000016E-1,3.596999943E-1,-9.350999594E-1,1.011396515E0
2.628719694E0,-1.893000007E-1,6.610000134E-2,-7.347999811E-1,7.616657487E-1
2.638646256E0,-1.092999935E0,-6.277999878E-1,-6.947000027E-1,1.439232357E0
2.648572819E0,1.483999938E-1,-2.710999846E-1,-1.625999957E-1,3.492227347E-1
2.658499381E0,9.962999821E-1,-5.419999734E-2,3.648999929E-1,1.062404489E0
2.668424381E0,1.955000013E-1,-3.642999828E-1,-4.062999785E-1,5.796674913E-1
2.678350944E0,-1.004000008E-1,-4.429000020E-1,8.060000092E-2,4.612341402E-1
2.688277506E0,1.888999939E-1,-9.300000034E-3,1.552799940E0,1.564275344E0
2.698204069E0,3.010999858E-1,1.928000003E-1,1.527899981E0,1.569175386E0
2.708130631E0,5.670999885E-1,1.045999974E-1,1.548900008E0,1.652765801E0
2.718057194E0,3.619999886E-1,-5.689999834E-2,1.304700017E0,1.355184023E0
2.727982194E0,-3.680000082E-2,-2.400999963E-1,1.066699982E0,1.094006901E0
2.737908756E0,-2.478999943E-1,-3.139999807E-1,9.651999474E-1,1.044825982E0
2.747835319E0,-2.504999936E-1,-2.816999853E-1,1.020499945E0,1.087899474E0
2.757761881E0,1.559999958E-2,1.759999990E-2,1.157500029E0,1.157738933E0
2.767688444E0,2.854000032E-1,3.246999979E-1,9.858999848E-1,1.076513832E0
2.777615006E0,1.259000003E-1,2.888000011E-1,7.888000011E-1,8.493890113E-1
2.787540006E0,6.769999862E-2,2.689999938E-1,3.624999821E-1,4.564542951E-1
2.797466569E0,4.239999875E-2,3.019999862E-1,-1.179999951E-2,3.051900908E-1
2.807393131E0,-7.999999449E-3,3.021999896E-1,-3.059999943E-1,4.301451269E-1
2.817319694E0,1.652999967E-1,3.511999846E-1,-4.038999975E-1,5.601791910E-1
2.827246256E0,3.655999899E-1,3.625999987E-1,-2.865999937E-1,5.893060903E-1
2.837172819E0,5.289999843E-1,3.463000059E-1,-1.700000018E-1,6.547248873E-1
2.847099381E0,5.015999675E-1,3.009999990E-1,-1.128999963E-1,5.957767501E-1
2.857024381E0,4.229999781E-1,2.842999995E-1,-6.799999624E-3,5.097074760E-1
2.866950944E0,2.902999818E-1,2.636999786E-1,-1.052999943E-1,4.060786217E-1
2.876877506E0,1.633999944E-1,1.797999889E-1,-8.460000157E-2,2.572639781E-1
2.886804069E0,1.349999905E-1,2.075999975E-1,-1.397999972E-1,2.843708769E-1
2.896730631E0,1.074000001E-1,2.412999868E-1,-1.829999983E-1,3.213245136E-1
2.906657194E0,8.309999853E-2,2.150999904E-1,-4.018999934E-1,4.633543140E-1
2.916582194E0,1.374000013E-1,2.149999887E-1,-5.408999920E-1,5.980606632E-1
2.926508756E0,2.428999990E-1,2.114999890E-1,-4.963999987E-1,5.917310314E-1
2.936435319E0,4.738999903E-1,2.102999985E-1,-6.003000140E-1,7.932007293E-1
2.946361881E0,8.434999585E-1,2.836999893E-1,-5.597000122E-1,1.051304888E0
2.956288444E0,9.824000001E-1,2.242999971E-1,-4.328999817E-1,1.096732713E0
2.966215006E0,9.393999577E-1,1.107999980E-1,-1.317999959E-1,9.550498201E-1
2.976141569E0,6.778999567E-1,9.820000082E-2,-1.556999981E-1,7.024486322E-1
2.986066569E0,3.357999921E-1,7.729999721E-2,-4.451999962E-1,5.629742098E-1
2.995993131E0,1.989999972E-2,4.270000011E-2,-8.301999569E-1,8.315354884E-1
3.005919694E0,-1.709000021E-1,5.810000002E-2,-1.215199947E0,1.228533000E0
3.015846256E0,-7.009999454E-2,2.510000020E-2,-9.132999778E-1,9.163301090E-1
3.025772819E0,4.519999772E-2,3.799999831E-3,-3.468999863E-1,3.498529409E-1
3.035697819E0,2.390999943E-1,-2.909999900E-2,5.370000005E-2,2.467778499E-1
3.045624381E0,2.417999953E-1,-1.450999975E-1,-6.309999526E-2,2.889686080E-1
3.055550944E0,-1.974999905E-1,-3.761999905E-1,-1.967999935E-1,4.682551831E-1
3.065477506E0,-2.630999982E-1,-1.728999913E-1,-2.294999957E-1,3.895975668E-1
3.075404069E0,-5.229999870E-2,1.621000022E-1,2.696999907E-1,3.189824221E-1
3.085330631E0,-6.870000064E-2,1.526999921E-1,9.993999600E-1,1.013329787E0
3.095257194E0,-2.091999948E-1,-7.915999889E-1,1.509400010E0,1.717173134E0
3.105183756E0,-5.130000040E-2,-1.173599958E0,1.546599984E0,1.942148311E0
3.115108756E0,2.100999951E-1,-8.134999871E-1,1.173799992E0,1.443513303E0
3.125035319E0,-2.609999850E-2,-6.123999953E-1,2.347999960E-1,6.563886062E-1
3.134961881E0,-1.758999974E-1,-3.039999902E-1,-1.178599954E0,1.229818952E0
3.144888444E0,-3.768000007E-1,-6.199999712E-3,-2.218899965E0,2.250674063E0
3.154813444E0,-3.139999807E-1,2.942999899E-1,-1.328499913E0,1.396467147E0
3.164740006E0,1.429999918E-1,4.960999787E-1,-5.317999721E-1,7.411986217E-1
3.174666569E0,1.580999941E-1,2.172999978E-1,7.119999528E-1,7.610248550E-1
3.184593131E0,3.343999982E-1,2.354999930E-1,9.661999941E-1,1.049202571E0
3.194519694E0,2.692999840E-1,2.184000015E-1,9.272999763E-1,9.900031758E-1
3.204446256E0,1.783999950E-1,1.656000018E-1,5.367999673E-1,5.894099793E-1
3.214372819E0,2.612999976E-1,2.667999864E-1,4.948999882E-1,6.199886449E-1
3.224297819E0,2.728999853E-1,3.316999972E-1,4.919999838E-1,6.531181165E-1
3.234224381E0,-8.879999816E-2,2.280999869E-1,1.779999882E-1,3.026533322E-1
3.244150944E0,-3.281999826E-1,2.621999979E-1,7.050000131E-2,4.259510743E-1
3.254077506E0,-3.082000017E-1,3.719999790E-1,3.790000081E-2,4.845695363E-1
3.264004069E0,-9.649999440E-2,3.251999915E-1,6.909999996E-2,3.461821679E-1
3.273930631E0,1.472000033E-1,2.149000019E-1,2.029999942E-1,3.302405932E-1
3.283855631E0,5.248999596E-1,1.542999893E-1,2.003999949E-1,5.826565130E-1
3.293782194E0,7.548999786E-1,3.579999879E-2,1.752000004E-1,7.757903440E-1
3.303708756E0,1.100199938E0,2.140999883E-1,3.390000015E-2,1.121350934E0
3.313635319E0,9.905999899E-1,3.269000053E-1,2.373999953E-1,1.069818074E0
3.323561881E0,5.719999671E-1,1.987999976E-1,5.199999809E-1,7.981888132E-1
3.333488444E0,3.749999776E-2,6.449999660E-2,1.321599960E0,1.323704255E0
3.343415006E0,4.629999772E-2,-1.334999949E-1,1.872599959E0,1.877923467E0
3.353340006E0,3.404999971E-1,-2.960000038E-1,2.156100035E0,2.202799040E0
3.363266569E0,4.325999916E-1,-4.481000006E-1,1.660499930E0,1.773470153E0
3.373193131E0,4.712999761E-1,-3.628999889E-1,8.937999606E-1,1.073637946E0
3.383119694E0,7.482999563E-1,-1.013999954E-1,4.193999767E-1,8.637888192E-1
3.393046256E0,5.751999617E-1,7.099999487E-2,-1.017999947E-1,5.884379611E-1
3.402972819E0,-2.969999984E-2,9.899999946E-2,-5.254999995E-1,5.355682397E-1
3.412897819E0,-4.955999851E-1,2.874999940E-1,-5.673999786E-1,8.063611645E-1
3.422824381E0,-5.809000134E-1,3.034999967E-1,-2.522999942E-1,7.022907950E-1
3.432750944E0,-2.721000016E-1,2.012999952E-1,1.383000016E-1,3.656323144E-1
3.442677506E0,-2.520000003E-2,7.869999856E-2,4.172999859E-1,4.254033474E-1
3.452604069E0,1.920000017E-1,1.739999950E-1,3.847000003E-1,4.638254943E-1
3.462530631E0,3.522000015E-1,2.673999965E-1,1.520999968E-1,4.676344814E-1
3.472457194E0,3.937000036E-1,2.929999828E-1,-1.077999994E-1,5.024634541E-1
3.482382194E0,4.608999789E-1,4.001999795E-1,-8.693000078E-1,1.062201166E0
3.492308756E0,5.859999731E-2,4.443999827E-1,-8.884999752E-1,9.951670765E-1
3.502235319E0,-4.790000021E-1,2.034000009E-1,-6.236999631E-1,8.122894844E-1
3.512161881E0,-5.054000020E-1,6.920000166E-2,-5.674999952E-1,7.630688349E-1
3.522088444E0,-6.019999832E-2,9.549999982E-2,-6.110999584E-1,6.214398192E-1
3.532015006E0,4.187999964E-1,2.829999849E-2,-9.894999862E-1,1.074850943E0
3.541941569E0,4.948999882E-1,-1.432999969E-1,-1.401799917E0,1.493487159E0
3.551866569E0,3.445999920E-1,-1.128999963E-1,-1.187299967E0,1.241441410E0
3.561793131E0,1.944999993E-1,-3.189999983E-2,-8.933999538E-1,9.148832369E-1
3.571719694E0,-8.649999648E-2,-3.240000084E-2,-7.708999515E-1,7.764140291E-1
3.581646256E0,-2.305999994E-1,-6.749999523E-2,-4.689999819E-1,5.269664051E-1
3.591572819E0,-3.398000002E-1,-1.659999937E-1,-4.247999787E-1,5.687486791E-1
3.601499381E0,-2.529999912E-1,-2.111999989E-1,-4.021999836E-1,5.199800591E-1
3.611424381E0,1.057999954E-1,-2.061999887E-1,-3.619999886E-1,4.298326024E-1
3.621350944E0,2.876999974E-1,-2.791000009E-1,-3.228999972E-1,5.147159481E-1
3.631277506E0,3.621000051E-1,-3.515000045E-1,-5.789999962E-1,7.680557678E-1
3.641204069E0,3.792999983E-1,-4.456000030E-1,-1.037799954E0,1.191409500E0
3.651130631E0,3.409000039E-1,-4.939000010E-1,-1.407299995E0,1.529916109E0
3.661057194E0,3.497999907E-1,-4.257999957E-1,-1.720499992E0,1.806595111E0
3.670983756E0,2.669999897E-1,-4.398999810E-1,-1.807599902E0,1.879419696E0
3.680908756E0,1.075999960E-1,-4.740999937E-1,-2.037699938E0,2.094891310E0
3.690835319E0,1.481000036E-1,-2.527999878E-1,-1.881799936E0,1.904471697E0
3.700761881E0,7.220000029E-2,-2.045999914E-1,-3.747999966E-1,4.330693178E-1
3.710688444E0,-2.219999880E-1,-4.244999886E-1,8.075999618E-1,9.389898472E-1
3.720615006E0,-5.658999681E-1,-4.502999783E-1,1.199199915E0,1.400390403E0
3.730541569E0,-7.425000072E-1,-7.782999873E-1,1.163100004E0,1.584253373E0
3.740468131E0,8.919999748E-2,-9.218999743E-1,5.810000002E-2,9.280257606E-1
3.750393131E0,3.411999941E-1,-8.443999887E-1,-1.098299980E0,1.426776655E0
3.760319694E0,3.431999981E-1,-5.092999935E-1,-1.425099969E0,1.551799808E0
3.770246256E0,2.903999984E-1,-3.813000023E-1,-1.226499915E0,1.316823410E0
3.780172819E0,3.712999821E-1,-6.455999613E-1,-7.882999778E-1,1.084472149E0
3.790099381E0,3.813999891E-1,-8.139999509E-1,-6.559000015E-1,1.112774318E0
3.800025944E0,3.674999774E-1,-7.908999920E-1,-3.932999969E-1,9.566942658E-1
3.809952506E0,1.255999953E-1,-8.197000027E-1,-4.834999740E-1,9.599248294E-1
3.819877506E0,7.319999486E-2,-8.102999926E-1,-8.844999671E-1,1.201783886E0
3.829804069E0,1.460999995E-1,-7.723000050E-1,-9.501999617E-1,1.233155495E0
3.839730631E0,2.138999999E-1,-7.597000003E-1,-1.633000016E0,1.813721686E0
3.849657194E0,6.879999489E-2,-7.400000095E-1,-1.888999939E0,2.029939463E0
3.859583756E0,-1.105000004E-1,-8.069999814E-1,-1.672699928E0,1.860479581E0
3.869510319E0,-2.009999938E-2,-7.504999638E-1,-1.360399961E0,1.553815388E0
3.879436881E0,2.659999952E-2,-5.803999901E-1,-3.404999971E-1,6.734329636E-1
3.889361881E0,2.545999885E-1,-3.112999797E-1,8.069999516E-2,4.101723061E-1
3.899288444E0,3.114999831E-1,-2.996000051E-1,-6.243000031E-1,7.593042186E-1
3.909215006E0,-4.439999908E-2,-5.679000020E-1,-7.533999681E-1,9.445069000E-1
3.919141569E0,-4.070999920E-1,-3.655999899E-1,-9.092999697E-1,1.061235219E0
3.929068131E0,-6.883999705E-1,-1.931999922E-1,-4.359999895E-1,8.374465638E-1
3.938993131E0,-5.460000038E-1,-1.823000014E-1,3.105999827E-1,6.540807626E-1
3.948919694E0,-4.043999910E-1,-2.462999970E-1,3.880999982E-1,6.122292462E-1
3.958846256E0,-2.518999875E-1,-2.407999933E-1,1.049999967E-1,3.639549969E-1
3.968772819E0,-1.559000015E-1,-7.799999788E-3,-1.984999925E-1,2.525230633E-1
3.978699381E0,-2.563000023E-1,1.405999959E-1,-4.849999845E-1,5.662888265E-1
3.988625944E0,-3.959999979E-1,1.401000023E-1,-5.139999986E-1,6.638072066E-1
3.998552506E0,-3.188000023E-1,2.134999931E-1,-1.846999973E-1,4.258283428E-1
4.008477506E0,-9.719999880E-2,3.554999828E-1,5.476999879E-1,6.601540383E-1
4.018404069E0,-4.120000079E-2,4.617999792E-1,1.151600003E0,1.241426288E0
4.028330631E0,-5.359999835E-2,5.579999685E-1,2.012899876E0,2.089498225E0
4.038257194E0,-1.978999972E-1,6.875000000E-1,2.450799942E0,2.553084608E0
4.048183756E0,-1.974999905E-1,8.833999634E-1,2.754699945E0,2.899616101E0
4.058110319E0,-2.090999931E-1,9.285999537E-1,3.287999868E0,3.423005086E0
4.068036881E0,1.202999949E-1,1.032400012E0,3.555199862E0,3.704020509E0
4.077961881E0,4.097999930E-1,1.223399997E0,3.322700024E0,3.564404443E0
4.087888444E0,4.908999801E-1,1.551199913E0,2.901099920E0,3.326196733E0
4.097815006E0,3.735999763E-1,1.907099962E0,2.351500034E0,3.050599879E0
4.107741569E0,2.390999943E-1,2.211400032E0,2.127799988E0,3.078147446E0
4.117668131E0,2.910999954E-1,2.654700041E0,2.530400038E0,3.679007457E0
4.127594694E0,2.732999921E-1,3.266399860E0,3.236599922E0,4.606478046E0
4.137521256E0,1.008999944E-1,3.902999878E0,3.798799992E0,5.447427855E0
4.147446256E0,4.900000058E-3,4.413499832E0,4.310100079E0,6.168951894E0
4.157372819E0,2.124999911E-1,5.269099712E0,4.817299843E0,7.142474767E0
4.167299381E0,6.347000003E-1,5.989399910E0,5.192599773E0,7.952285695E0
4.177225944E0,1.049999952E0,7.012599945E0,5.880599976E0,9.211976659E0
4.187152506E0,1.110700011E0,8.861899376E0,7.183099747E0,1.146140642E1
4.197079069E0,8.671999574E-1,1.091639996E1,8.496500015E0,1.386038731E1
4.207004069E0,9.050999880E-1,1.357870007E1,9.673500061E0,1.669661358E1
4.216930631E0,1.121999979E0,1.634160042E1,1.097749996E1,1.971832380E1
4.226857194E0,1.648599982E0,1.949499893E1,1.293209934E1,2.345233589E1
4.236783756E0,1.650799990E0,2.200569916E1,1.556139946E1,2.700246450E1
4.246710319E0,1.336399913E0,2.483819962E1,1.845820045E1,3.097462331E1
4.256635319E0,-1.171999931E0,2.658659935E1,2.008449936E1,3.334078528E1
4.266563444E0,-5.315299988E0,2.662069893E1,2.206859970E1,3.498481268E1
4.276488444E0,-9.454500198E0,2.402249908E1,2.385689926E1,3.515138231E1
4.286415006E0,-1.133290005E1,1.945279884E1,2.573939896E1,3.419594515E1
4.296341569E0,-1.117070007E1,1.379249954E1,2.636189842E1,3.177998226E1
4.306268131E0,-1.024660015E1,8.401899338E0,2.628189850E1,2.943336399E1
4.316194694E0,-6.272099972E0,3.272099972E0,2.713389969E1,2.804094129E1
4.326119694E0,-3.312599897E0,-2.143800020E0,2.513969994E1,2.544746961E1
4.336046256E0,-1.623199940E0,-6.025499821E0,1.540259933E1,1.661870911E1
4.345972819E0,-1.481999993E0,-9.116700172E0,3.370800018E0,9.832234679E0
4.355899381E0,-1.200999975E0,-1.212609959E1,-7.608799934E0,1.436588071E1
4.365825944E0,-9.589999914E-1,-1.201649952E1,-5.123699665E0,1.309840601E1
4.375752506E0,-1.280799985E0,-1.212599945E1,-3.581399918E0,1.270853007E1
4.385679069E0,-1.508700013E0,-1.222489929E1,-3.074499846E0,1.269554598E1
4.395605631E0,-1.821099997E0,-1.228230000E1,-2.525399923E0,1.267079094E1
4.405530631E0,-2.095900059E0,-1.228800011E1,-2.021699905E0,1.262834170E1
4.415457194E0,-2.421999931E0,-1.221350002E1,-1.511899948E0,1.254278709E1
4.425383756E0,-2.740000010E0,-1.211959934E1,-1.099699974E0,1.247403817E1
4.435310319E0,-3.090399981E0,-1.195029926E1,-6.872000098E-1,1.236254296E1
4.445235319E0,-3.418900013E0,-1.171109962E1,-3.808999956E-1,1.220589270E1
4.455161881E0,-3.744699955E0,-1.145829964E1,-1.296000034E-1,1.205538073E1
4.465090006E0,-4.070300102E0,-1.115689945E1,4.529999942E-2,1.187627048E1
4.475015006E0,-4.441400051E0,-1.075589943E1,1.904999912E-1,1.163837176E1
4.484941569E0,-4.742300034E0,-1.039890003E1,2.312999964E-1,1.143153669E1
4.494868131E0,-5.065499783E0,-9.945399284E0,2.419999987E-1,1.116372783E1
4.504793131E0,-5.382199764E0,-9.453000069E0,1.739999950E-1,1.087922610E1
4.514719694E0,-5.705499649E0,-8.924599648E0,1.659999974E-2,1.059252003E1
4.524646256E0,-6.041100025E0,-8.334599495E0,-2.113000005E-1,1.029587713E1
4.534572819E0,-6.246299744E0,-7.811399937E0,-4.386999905E-1,1.001132794E1
4.544499381E0,-6.463999748E0,-7.170099735E0,-8.193999529E-1,9.688397145E0
4.554425944E0,-6.633299828E0,-6.588599682E0,-1.184700012E0,9.424108790E0
4.564352506E0,-6.762199879E0,-5.887899876E0,-1.646399975E0,9.116213305E0
4.574277506E0,-6.829599857E0,-5.240799904E0,-2.137399912E0,8.870056157E0
4.584204069E0,-6.850100040E0,-4.621399879E0,-2.609799862E0,8.665579192E0
4.594130631E0,-6.804899693E0,-3.969099998E0,-3.158299923E0,8.487359603E0
4.604057194E0,-6.699499607E0,-3.246099949E0,-3.776499987E0,8.347599177E0
4.613983756E0,-6.571099758E0,-2.633499861E0,-4.244699955E0,8.254220209E0
4.623910319E0,-6.302199841E0,-1.925099969E0,-4.853300095E0,8.184024348E0
4.633835319E0,-6.024699688E0,-1.255900025E0,-5.373199940E0,8.169796129E0
4.643761881E0,-5.724099636E0,-6.546999812E-1,-5.801599979E0,8.176338486E0
4.653688444E0,-5.272799969E0,2.669999935E-2,-6.291299820E0,8.208750564E0
4.663615006E0,-4.895099640E0,5.898000002E-1,-6.642699718E0,8.272564540E0
4.673541569E0,-4.428800106E0,1.173099995E0,-6.975800037E0,8.345790564E0
4.683468131E0,-3.847699881E0,1.809099913E0,-7.257299900E0,8.411066443E0
4.693394694E0,-3.361299992E0,2.296000004E0,-7.458699703E0,8.497185117E0
4.703319694E0,-2.798599958E0,2.812700033E0,-7.578599930E0,8.554450310E0
4.713246256E0,-2.220299959E0,3.321699858E0,-7.622499943E0,8.606156356E0
4.723172819E0,-1.473599911E0,3.872099876E0,-7.588199615E0,8.645543797E0
4.733099381E0,-9.957999587E-1,4.213599682E0,-7.505099773E0,8.664442420E0
4.743025944E0,-3.382999897E-1,4.654200077E0,-7.303899765E0,8.667351211E0
4.752952506E0,1.899999976E-1,4.972799778E0,-7.085199833E0,8.658226972E0
4.762877506E0,9.086999893E-1,5.369100094E0,-6.713299751E0,8.644152072E0
4.772804069E0,1.347199917E0,5.581999779E0,-6.408099651E0,8.604499421E0
4.782730631E0,1.877099991E0,5.788300037E0,-5.989599705E0,8.538338616E0
4.792657194E0,2.486699820E0,6.015799999E0,-5.484999657E0,8.512270370E0
4.802583756E0,2.934099913E0,6.144799709E0,-5.017899990E0,8.458535693E0
4.812510319E0,3.416399956E0,6.252699852E0,-4.477799892E0,8.415386858E0
4.822436881E0,3.926800013E0,6.323699951E0,-3.852899790E0,8.381752573E0
4.832361881E0,4.367700100E0,6.322799683E0,-3.293799877E0,8.360844313E0
4.842288444E0,4.760099888E0,6.273699760E0,-2.683199883E0,8.319700790E0
4.852215006E0,5.174099922E0,6.175799847E0,-2.096799850E0,8.325165666E0
4.862141569E0,5.495899677E0,6.049200058E0,-1.561999917E0,8.320912110E0
4.872068131E0,5.897399902E0,5.834499836E0,-9.242999554E-1,8.347157861E0
4.881994694E0,6.218299866E0,5.621099949E0,-4.080999792E-1,8.392291907E0
4.891921256E0,6.534699917E0,5.346199989E0,1.476999968E-1,8.444286389E0
4.901846256E0,6.843999863E0,5.025599957E0,6.796000004E-1,8.518147991E0
4.911772819E0,7.157799721E0,4.671000004E0,1.182600021E0,8.628492376E0
4.921699381E0,7.490999699E0,4.209599972E0,1.745499969E0,8.768271126E0
4.931625944E0,7.736099720E0,3.817899942E0,2.106799841E0,8.880439427E0
4.941552506E0,8.037099838E0,3.319099903E0,2.526499987E0,9.055086977E0
4.951477506E0,8.321199417E0,2.816999912E0,2.880499840E0,9.245275960E0
4.961405631E0,8.565099716E0,2.273699999E0,3.187599897E0,9.417613176E0
4.971330631E0,8.786999702E0,1.775200009E0,3.411799908E0,9.591823469E0
4.981257194E0,9.009399414E0,1.230399966E0,3.622900009E0,9.788185039E0
4.991183756E0,9.228499413E0,6.341999769E-1,3.792299986E0,9.997447184E0
5.001110319E0,9.468999863E0,-2.919999883E-2,3.897699833E0,1.023986694E1
5.011036881E0,9.650599480E0,-5.788999796E-1,3.943899870E0,1.044143389E1
5.020963444E0,9.821399689E0,-1.188399911E0,3.944199800E0,1.065030038E1
5.030888444E0,9.982999802E0,-1.876299977E0,3.884399891E0,1.087517122E1
5.040815006E0,1.012069988E1,-2.423699856E0,3.788100004E0,1.107486292E1
5.050741569E0,1.024629974E1,-3.022199869E0,3.630999804E0,1.128293003E1
5.060668131E0,1.031699944E1,-3.645499945E0,3.422899961E0,1.146500725E1
5.070594694E0,1.039960003E1,-4.369899750E0,3.111099958E0,1.170156603E1
5.080521256E0,1.040819931E1,-4.872299671E0,2.844799995E0,1.183903729E1
5.090447819E0,1.042980003E1,-5.372999668E0,2.523699999E0,1.200078813E1
5.100372819E0,1.037479973E1,-5.924499989E0,2.170300007E0,1.214274976E1
5.110299381E0,1.028919983E1,-6.488100052E0,1.690299988E0,1.228088716E1
5.120225944E0,1.019399929E1,-6.962999821E0,1.248799920E0,1.240808161E1
5.130152506E0,1.006969929E1,-7.354899883E0,8.675999641E-1,1.249984503E1
5.140079069E0,9.879599571E0,-7.843599796E0,3.163999915E-1,1.261858369E1
5.150005631E0,9.716400146E0,-8.183799744E0,-1.316999942E-1,1.270434394E1
5.159932194E0,1.482069969E1,4.140869904E1,2.597499847E1,5.107870438E1
5.169857194E0,-4.931659698E1,3.878789902E1,2.473789978E1,6.744324676E1
5.179783756E0,-2.940719986E1,4.106859970E1,-6.283589935E1,8.062111096E1
5.189710319E0,-4.260689926E1,1.149300003E1,-5.414369965E1,6.984967520E1
5.199636881E0,-7.820699692E0,-5.840199947E0,8.423299789E0,1.289275992E1
5.209563444E0,-5.455499649E0,-7.699399948E0,1.155770016E1,1.492057871E1
5.219490006E0,2.617100000E0,1.092910004E1,4.562129974E1,4.698507668E1
5.229416569E0,5.098000169E-1,6.019000053E0,2.139749908E1,2.223378566E1
5.239341569E0,-1.179539967E1,9.078899384E0,4.272900105E0,1.548597890E1
5.249268131E0,-1.256369972E1,4.698299885E0,1.783899903E0,1.353155096E1
5.259194694E0,-1.526979923E1,3.805499792E0,-1.374199986E0,1.579674089E1
5.269121256E0,-1.484689999E1,5.158799648E0,-3.911999941E0,1.619714162E1
5.279046256E0,-1.226289940E1,4.739299774E0,4.998999834E-1,1.315635071E1
5.288974381E0,-1.076869965E1,4.521699905E0,1.964800000E0,1.184361014E1
5.298900944E0,-8.254300117E0,4.285599709E0,1.618399978E0,9.440288861E0
5.308825944E0,-6.541399956E0,3.589999914E0,1.677500010E0,7.648007521E0
5.318750944E0,-5.231699944E0,2.733899832E0,2.957000017E0,6.602177042E0
5.328679069E0,-2.116099834E0,2.141700029E0,1.843599916E0,3.530384989E0
5.338605631E0,-1.089499950E0,6.140999794E-1,4.366999865E-1,1.324702157E0
5.348532194E0,-3.129400015E0,-1.965999901E-1,1.045099974E0,3.305152033E0
5.358457194E0,-2.988799810E0,-1.877399921E0,-2.812500000E0,4.513060051E0
5.368383756E0,-5.940700054E0,-3.983999968E0,-3.485800028E0,7.957070737E0
5.378310319E0,-4.265999794E-1,-8.547999859E-1,-2.923799992E0,3.075918879E0
5.388236881E0,2.320400000E0,1.121899962E0,-2.850800037E0,3.843172718E0
5.398163444E0,3.249099970E0,2.746099949E0,-9.409999847E-1,4.356971025E0
5.408090006E0,2.750299931E0,2.901299953E0,1.180999994E0,4.168507181E0
5.418016569E0,1.022799969E0,-2.052000016E-1,5.524099827E0,5.621735116E0
5.427941569E0,5.478999615E-1,-6.755999923E-1,4.673799992E0,4.754054699E0
5.437868131E0,1.802199960E0,4.623999894E-1,2.376699924E0,3.018350705E0
5.447794694E0,1.211999953E-1,-7.545999885E-1,7.350999713E-1,1.060416215E0
5.457721256E0,-1.935499907E0,-1.263899922E0,-6.179000139E-1,2.392781505E0
5.467647819E0,-3.331999779E-1,-7.371999621E-1,-1.930699944E0,2.093343805E0
5.477574381E0,3.630000055E-1,-6.687999964E-1,-6.380000114E-1,9.930289290E-1
5.487500944E0,7.089999914E-1,-1.288800001E0,1.107100010E0,1.841020604E0
5.497425944E0,1.038999915E0,-1.510299921E0,2.504199982E0,3.103472929E0
5.507352506E0,1.128799915E0,-1.616099954E0,3.418900013E0,3.946497892E0
5.517279069E0,9.649999738E-1,-1.614399910E0,2.850699902E0,3.415260158E0
5.527205631E0,2.113000005E-1,-1.776999950E0,1.887099981E0,2.600677384E0
5.537132194E0,-5.661999583E-1,-1.946299911E0,1.549699903E0,2.551516318E0
5.547057194E0,-8.348999619E-1,-1.878799915E0,1.166599989E0,2.363874490E0
5.556983756E0,-1.097899914E0,-1.742100000E0,1.141099930E0,2.354231442E0
5.566910319E0,-7.206999660E-1,-1.515900016E0,1.242200017E0,2.088162393E0
5.576836881E0,-1.939999908E-1,-1.403399944E0,1.263099909E0,1.898048677E0
5.586763444E0,-1.008999944E-1,-1.369899988E0,1.356899977E0,1.930798885E0
5.596690006E0,-1.710999906E-1,-1.425999999E0,1.098099947E0,1.807919992E0
5.606616569E0,-4.764999747E-1,-1.631699920E0,6.563999653E-1,1.822184889E0
5.616541569E0,-3.461999893E-1,-1.439099908E0,4.961999953E-1,1.561114158E0
5.626468131E0,2.416999936E-1,-1.417500019E0,3.084000051E-1,1.470658272E0
5.636394694E0,4.138999879E-1,-1.534899950E0,4.971999824E-1,1.665664696E0
5.646321256E0,3.524000049E-1,-1.470999956E0,9.672999978E-1,1.795465377E0
5.656247819E0,4.343999922E-1,-1.866699934E0,-2.309999987E-2,1.916717404E0
5.666172819E0,-8.940000087E-2,-1.190400004E0,1.151700020E0,1.658751780E0
5.676099381E0,2.243999988E-1,-9.631999731E-1,1.615499973E0,1.894188404E0
5.686025944E0,5.489999652E-1,-1.371099949E0,1.026099920E0,1.798387355E0
5.695952506E0,7.114999890E-1,-1.069700003E0,8.950999975E-1,1.565788726E0
5.705879069E0,2.100999951E-1,-9.437999725E-1,7.466999888E-1,1.221663321E0
5.715805631E0,-4.330999851E-1,-1.032199979E0,4.053999782E-1,1.190529939E0
5.725732194E0,-7.881000042E-1,-9.599999785E-1,-2.435999960E-1,1.265718189E0
5.735657194E0,-1.249400020E0,-1.086199999E0,2.433999926E-1,1.673342285E0
5.745583756E0,-1.204399943E0,-1.036499977E0,6.769999862E-1,1.727205954E0
5.755516569E0,-9.496999979E-1,-9.904999733E-1,6.636999846E-1,1.524309008E0
5.765436881E0,-5.663999915E-1,-8.858999610E-1,7.242000103E-1,1.276751090E0
5.775363444E0,-3.035999835E-1,-8.403999805E-1,3.113999963E-1,9.462637238E-1
5.785290006E0,-6.769999862E-2,-6.006999612E-1,-6.103000045E-1,8.590051389E-1
5.795215006E0,8.699999750E-2,-3.876999915E-1,-1.205799937E0,1.269580156E0
5.805141569E0,2.542999983E-1,-4.545999765E-1,-1.272099972E0,1.374615570E0
5.815068131E0,1.921999902E-1,-5.514999628E-1,-1.309399962E0,1.433743808E0
5.824994694E0,-1.352999955E-1,-6.351000071E-1,-7.987999916E-1,1.029436513E0
5.834921256E0,-2.619000077E-1,-7.394999862E-1,-5.590999722E-1,9.633507267E-1
5.844847819E0,-7.400999665E-1,-1.026600003E0,-7.516999841E-1,1.471974318E0
5.854774381E0,-7.615000010E-1,-9.163999557E-1,-8.855999708E-1,1.484573487E0
5.864699381E0,-6.407999992E-1,-7.899999619E-1,-1.144699931E0,1.531359694E0
5.874625944E0,-3.626999855E-1,-7.538999915E-1,-8.903999925E-1,1.221772738E0
5.884552506E0,-1.879999936E-1,-6.653999686E-1,-1.620000042E-2,6.916383129E-1
5.894479069E0,1.923999935E-1,-5.654999614E-1,2.888000011E-1,6.634857983E-1
5.904405631E0,4.214999974E-1,-5.462999940E-1,1.241899967E0,1.420711603E0
5.914330631E0,8.054999709E-1,1.289999932E-1,2.531199932E0,2.659406757E0
5.924257194E0,1.185099959E0,2.449999899E-1,1.976399899E0,2.317464879E0
5.934183756E0,1.214699984E0,2.230999917E-1,1.448300004E0,1.903376620E0
5.944110319E0,1.033699989E0,4.819999933E-1,5.518000126E-1,1.267021277E0
5.954036881E0,9.656999707E-1,6.065999866E-1,-3.080999851E-1,1.181298260E0
5.963963444E0,9.125999808E-1,5.845000148E-1,-7.680000067E-1,1.328270681E0
5.973890006E0,9.297999740E-1,5.959999561E-1,-7.385999560E-1,1.328636080E0
5.983815006E0,8.017999530E-1,6.207000017E-1,-4.132999778E-1,1.094974214E0
5.993741569E0,7.001000047E-1,6.401000023E-1,-5.515999794E-1,1.097328833E0
6.003668131E0,5.637999773E-1,4.684999883E-1,-6.642000079E-1,9.892038738E-1
6.013594694E0,7.148999572E-1,4.482999742E-1,-6.728999615E-1,1.079281786E0
6.023521256E0,3.449999988E-1,2.979999781E-1,-1.035300016E0,1.131227258E0
6.033447819E0,2.719999850E-1,2.692999840E-1,-1.269099951E0,1.325564468E0
6.043374381E0,2.155999988E-1,1.876999885E-1,-1.124499917E0,1.160264930E0
6.053299381E0,-2.285599947E0,-6.112999916E-1,1.074999943E-1,2.368377302E0
6.063225944E0,7.329999655E-2,1.164099932E0,1.564399958E0,1.951370997E0
6.073152506E0,1.424499989E0,4.481000006E-1,8.027999997E-1,1.695429641E0
6.083079069E0,1.579199910E0,-4.109999910E-2,7.525999546E-1,1.749848067E0
6.093005631E0,9.627999663E-1,-1.941999942E-1,1.453099966E0,1.753909041E0
6.102932194E0,5.023999810E-1,-2.563000023E-1,1.775299907E0,1.862735942E0
6.112857194E0,1.057999954E-1,-4.143999815E-1,1.269599915E0,1.339703298E0
6.122783756E0,2.899999963E-3,-2.742999792E-1,6.548999548E-1,7.100301679E-1
6.132710319E0,3.014000058E-1,1.096999943E-1,1.489999983E-2,3.210888697E-1
6.142636881E0,8.158999681E-1,4.144999981E-1,-7.286999822E-1,1.169831898E0
6.152563444E0,1.259199977E0,6.237999797E-1,-1.334599972E0,1.938006213E0
6.162488444E0,3.023699999E0,7.040999532E-1,-9.038999677E-1,3.233504844E0
6.172416569E0,2.542899847E0,-7.102000117E-1,3.125200033E0,4.091161074E0
6.182341569E0,3.938999772E-1,-4.963999987E-1,3.037400007E0,3.102800180E0
6.192268131E0,1.748999953E0,9.889999628E-1,3.446599960E0,3.989507871E0
6.202194694E0,1.617399931E0,-4.829999804E-2,3.574299812E0,3.923510491E0
6.212121256E0,2.495999932E-1,-1.428699970E0,2.288699865E0,2.709544396E0
6.222047819E0,5.953999758E-1,-7.930999994E-1,1.119699955E0,1.495739526E0
6.231974381E0,2.063999891E0,5.794999599E-1,-2.526599884E0,3.313551377E0
6.241900944E0,1.953799963E0,-2.793999910E-1,-4.522799969E0,4.934685219E0
6.251825944E0,-4.506999850E-1,-8.903999925E-1,-3.122999907E0,3.278577594E0
6.261752506E0,-5.381000042E-1,3.839999810E-2,-3.905999959E-1,6.660289266E-1
6.271679069E0,3.429999948E-2,5.121999979E-1,1.408100009E0,1.498756472E0
6.281605631E0,8.060000092E-2,4.526999891E-1,1.166800022E0,1.254135532E0
6.291532194E0,-9.039999843E-1,-4.641999900E-1,-2.922999859E-1,1.057419919E0
6.301458756E0,-8.378999829E-1,-7.587999701E-1,-6.949999928E-1,1.326981072E0
6.311385319E0,-3.100999892E-1,-5.148000121E-1,-5.392999649E-1,8.074809644E-1
6.321310319E0,-3.251999915E-1,-4.272999763E-1,-6.700999737E-1,8.587050011E-1
6.331236881E0,-9.035999775E-1,-5.893999934E-1,-1.648999900E-1,1.091364869E0
6.341163444E0,-1.181299925E0,-3.938999772E-1,2.744999826E-1,1.275138010E0
6.351090006E0,-9.079999924E-1,-1.384999901E-1,2.141999900E-1,9.431478512E-1
6.361016569E0,-6.003000140E-1,1.324999928E-1,-9.420000017E-2,6.219244287E-1
6.370943131E0,-2.861999869E-1,5.469999835E-2,-2.601999938E-1,3.906488950E-1
6.380868131E0,2.206999958E-1,-7.479999959E-2,-5.879999995E-1,6.324931047E-1
6.390794694E0,6.737999916E-1,-2.793999910E-1,-4.619999975E-2,7.308934421E-1
6.400721256E0,2.983999848E-1,-5.679000020E-1,8.120999932E-1,1.034919979E0
6.410647819E0,-4.454999864E-1,-7.690999508E-1,1.737499952E0,1.951638044E0
6.420574381E0,-7.761999965E-1,-9.372999668E-1,2.028599977E0,2.365636390E0
6.430500944E0,2.450999916E-1,-3.653999865E-1,2.365099907E0,2.405678434E0
6.440427506E0,1.888700008E0,7.189999521E-2,2.525999844E-1,1.906872854E0
6.450354069E0,1.972099900E0,2.578999996E-1,-1.449199915E0,2.460867900E0
6.460279069E0,9.918999672E-1,-2.353999913E-1,-1.751799941E0,2.026840333E0
6.470205631E0,-1.273999959E-1,-3.537999988E-1,-8.249999881E-1,9.066587993E-1
6.480132194E0,1.042999998E-1,-1.982000023E-1,-2.041999996E-1,3.030831086E-1
6.490058756E0,-7.041999698E-1,7.209999859E-2,-4.179999977E-2,7.091144105E-1
6.499985319E0,-7.353999615E-1,3.480000049E-2,-4.075999856E-1,8.415235538E-1
6.509910319E0,-9.649999738E-1,-4.038999975E-1,2.009999938E-2,1.046309786E0
6.519836881E0,-9.019999504E-1,-3.968999982E-1,1.144400001E0,1.510226765E0
6.529763444E0,-3.779999912E-1,-1.820999980E-1,1.173900008E0,1.246629709E0
6.539690006E0,2.502999902E-1,6.119999662E-2,1.281299949E0,1.306952594E0
6.549616569E0,6.897999644E-1,5.004999638E-1,1.051699996E0,1.353660624E0
6.559543131E0,1.234899998E0,1.248700023E0,-3.465999961E-1,1.790072990E0
6.569469694E0,1.115800023E0,8.914999962E-1,-2.149399996E0,2.580639897E0
6.579394694E0,7.773999572E-1,6.201999784E-1,-4.217299938E0,4.332968668E0
6.589321256E0,2.924999893E-1,6.906999946E-1,-4.957099915E0,5.013527928E0
6.599247819E0,-9.613999724E-1,6.071000099E-1,-3.156199932E0,3.354766511E0
6.609174381E0,-1.520200014E0,-2.561999857E-1,-1.112599969E0,1.901190471E0
6.619100944E0,-1.258899927E0,-4.706999958E-1,7.172999978E-1,1.523452264E0
6.629027506E0,-7.052999735E-1,-1.046999991E-1,2.282299995E0,2.391088332E0
6.638954069E0,-1.128999963E-1,1.759999990E-2,2.367100000E0,2.369856236E0
6.648879069E0,5.277000070E-1,2.484999895E-1,1.446099997E0,1.559302646E0
6.658805631E0,4.609999955E-1,8.069999516E-2,6.499999668E-3,4.680552692E-1
6.668732194E0,-1.328999996E-1,-2.113000005E-1,-2.583000064E-1,3.592060598E-1
6.678657194E0,-9.977999926E-1,-1.545999944E-1,9.603999853E-1,1.393511433E0
6.688585319E0,-1.180599928E0,-3.039999865E-2,1.513000011E0,1.919351293E0
6.698510319E0,-6.405000091E-1,8.760000020E-2,7.874999642E-1,1.018857309E0
6.708438444E0,-3.192999959E-1,1.902999878E-1,9.839999676E-2,3.845115500E-1
6.718363444E0,-4.496999979E-1,1.460999995E-1,-3.838999867E-1,6.090603400E-1
6.728290006E0,-4.765999913E-1,1.215000004E-1,-5.038999915E-1,7.041484242E-1
6.738216569E0,-9.442999959E-1,3.942999840E-1,-5.396000147E-1,1.156867812E0
6.748143131E0,-2.639999986E-1,2.638999820E-1,-9.549999982E-2,3.853043598E-1
6.758069694E0,1.137899995E0,4.520999789E-1,1.858000010E-1,1.238439514E0
6.767996256E0,1.268800020E0,-2.469999902E-2,3.876999915E-1,1.326941922E0
6.777921256E0,7.134999633E-1,-1.564999968E-1,9.509999752E-1,1.199156120E0
6.787847819E0,-3.297999799E-1,-2.036999911E-1,1.214699984E0,1.275052063E0
6.797774381E0,-3.628000021E-1,3.431999981E-1,1.169199944E0,1.271392382E0
6.807700944E0,-3.960999846E-1,1.885000020E-1,4.632999897E-1,6.380237684E-1
6.817627506E0,-4.290999770E-1,1.287999898E-1,-2.760999799E-1,5.262579468E-1
6.827552506E0,-2.186999917E-1,3.369999826E-1,-4.420999885E-1,5.973701319E-1
6.837479069E0,-2.133999914E-1,1.421999931E-1,-2.619000077E-1,3.665405959E-1
6.847405631E0,-2.386000007E-1,-1.735000014E-1,2.424999923E-1,3.818880164E-1
6.857332194E0,1.703999937E-1,-2.295999974E-1,6.650000066E-2,2.935550489E-1
6.867258756E0,5.526999831E-1,-1.907999963E-1,-1.347000003E-1,6.000216663E-1
6.877185319E0,6.872000098E-1,-8.519999683E-2,3.920000046E-2,6.935701356E-1
6.887110319E0,4.529999793E-1,7.880000025E-2,3.910000026E-1,6.035722188E-1
6.897036881E0,2.542999983E-1,-3.439999744E-2,-1.156999990E-1,2.814930527E-1
6.906963444E0,-2.726999819E-1,-2.875999808E-1,1.955999881E-1,4.419710222E-1
6.916890006E0,-4.731999934E-1,-4.429000020E-1,9.487999678E-1,1.149043091E0
6.926816569E0,-6.712999940E-1,-4.635999799E-1,9.210999608E-1,1.230444538E0
6.936743131E0,-1.905999929E-1,-2.065999955E-1,1.165999994E-1,3.043147635E-1
6.946668131E0,-1.762000024E-1,-2.046999931E-1,-2.949000001E-1,3.998931584E-1
6.956594694E0,-1.501999944E-1,-2.569999918E-2,-4.034000039E-1,4.312216268E-1
6.966521256E0,-1.099999994E-3,1.164999977E-1,-4.757999778E-1,4.898561813E-1
6.976447819E0,1.239999942E-2,1.353999972E-1,-3.174999952E-1,3.453884280E-1
6.986374381E0,-1.251000017E-1,1.182999983E-1,2.489999980E-1,3.027307368E-1
6.996300944E0,-1.968999952E-1,4.470000044E-2,4.649999738E-1,5.069444484E-1
7.006227506E0,-1.259000003E-1,-3.429999948E-2,-9.329999983E-2,1.604125619E-1
7.016152506E0,-1.106999964E-1,3.399999812E-3,-2.626000047E-1,2.849996696E-1
7.026079069E0,-2.119999975E-1,-6.300000008E-3,-2.369999886E-1,3.180450967E-1
7.036005631E0,-4.101999998E-1,-6.289999932E-2,-1.548999995E-1,4.429610136E-1
7.045932194E0,-6.112999916E-1,-1.081999987E-1,-2.314999998E-1,6.625610684E-1
7.055858756E0,-5.259999633E-1,-1.249999925E-2,-5.532000065E-1,7.634542937E-1
7.065783756E0,-3.822000027E-1,1.009999961E-2,-7.950999737E-1,8.822487292E-1
7.075710319E0,-2.639999986E-1,1.070000008E-1,-7.382000089E-1,7.912548594E-1
7.085636881E0,-3.797999918E-1,5.579999834E-2,-3.655999899E-1,5.301179362E-1
7.095563444E0,-3.883000016E-1,-3.299999982E-3,-1.529999916E-2,3.886153255E-1
7.105490006E0,-3.586999774E-1,-3.240000084E-2,3.140999973E-1,4.778851767E-1
7.115416569E0,-2.405999899E-1,-3.319999948E-2,2.827000022E-1,3.727061662E-1
7.125343131E0,-1.988999993E-1,-6.599999964E-3,1.939999871E-2,1.999528186E-1
7.135268131E0,-1.956999898E-1,1.561999917E-1,-3.107999861E-1,3.991159666E-1
7.145194694E0,-3.703999817E-1,1.341999918E-1,-3.587999940E-1,5.328632282E-1
7.155121256E0,-5.378999710E-1,1.240999997E-1,-2.633000016E-1,6.116077825E-1
7.165047819E0,-1.815400004E0,1.484599948E0,-9.000199318E0,9.300715131E0
7.174974381E0,-2.193500042E0,6.116999984E-1,-3.063899994E0,3.817473313E0
7.184900944E0,-5.011000037E-1,-6.231999993E-1,2.153999954E-1,8.281766786E-1
7.194825944E0,-9.349999577E-2,3.460000083E-2,2.392699957E0,2.394776084E0
7.204752506E0,-1.996999979E-1,-1.400000006E-1,1.715299964E0,1.732551314E0
7.214679069E0,1.699000001E-1,-5.439999700E-2,-1.809999906E-2,1.793125196E-1
7.224605631E0,4.559999704E-2,2.272999883E-1,-6.918999553E-1,7.297055519E-1
7.234532194E0,-6.859999895E-2,9.119999409E-2,-2.827000022E-1,3.048650357E-1
7.244458756E0,-4.020999968E-1,9.099999443E-3,4.908999801E-1,6.346258802E-1
7.254385319E0,-4.029999971E-1,-1.498999894E-1,8.309999704E-1,9.356494832E-1
7.264310319E0,-1.898999959E-1,-2.240999937E-1,5.582000017E-1,6.307694171E-1
7.274236881E0,7.059999555E-2,-8.549999446E-2,1.423999965E-1,1.804781633E-1
7.284163444E0,2.417999953E-1,-3.529999778E-2,-8.679999411E-2,2.593213577E-1
7.294090006E0,3.518999815E-1,-5.169999972E-2,-1.820999980E-1,3.995834033E-1
7.304018131E0,2.363999933E-1,-1.142999977E-1,2.967999876E-1,3.962823222E-1
7.313943131E0,2.431999892E-1,-1.574999988E-1,4.924999774E-1,5.714094084E-1
7.323869694E0,2.325999886E-1,-1.634999961E-1,1.423999965E-1,3.179823303E-1
7.333794694E0,3.082999885E-1,-4.309999943E-2,-2.160999924E-1,3.789534267E-1
7.343721256E0,3.845999837E-1,8.899999782E-3,-2.710999846E-1,4.706288975E-1
7.353647819E0,4.287000000E-1,2.429999970E-2,-1.241999939E-1,4.469897298E-1
7.363574381E0,4.136999846E-1,-2.699999884E-2,-1.269000024E-1,4.335669357E-1
7.373500944E0,4.092999995E-1,8.999999845E-4,-2.879000008E-1,5.004135390E-1
7.383427506E0,3.626999855E-1,1.209999993E-2,-1.983999908E-1,4.135943010E-1
7.393354069E0,1.127000004E-1,-5.489999801E-2,-6.999999750E-4,1.253626335E-1
7.403279069E0,-1.401999891E-1,-7.819999754E-2,3.468999863E-1,3.822445252E-1
7.413205631E0,-1.759999990E-1,-4.569999874E-2,7.777999640E-1,7.987723540E-1
7.423132194E0,-2.840000018E-2,-2.302999943E-1,7.202999592E-1,7.567540410E-1
7.433058756E0,2.072999924E-1,-1.632999927E-1,4.616999924E-1,5.317960676E-1
7.442985319E0,3.163999915E-1,-1.374000013E-1,4.609999955E-1,5.757679314E-1
7.452911881E0,2.820999920E-1,-1.319999993E-1,5.503000021E-1,6.323246774E-1
7.462836881E0,1.447999924E-1,-1.277000010E-1,4.746999741E-1,5.124591627E-1
7.472763444E0,1.313000023E-1,-5.680000037E-2,3.339000046E-1,3.632563059E-1
7.482690006E0,1.316999942E-1,2.899999963E-3,1.756999940E-1,2.195991493E-1
7.492616569E0,6.819999963E-2,3.199999919E-3,8.899999782E-3,6.885266840E-2
7.502543131E0,-1.692999899E-1,-8.419999480E-2,-4.050000012E-2,1.933710830E-1
7.512469694E0,-2.622999847E-1,-4.399999976E-3,-1.106999964E-1,2.847369508E-1
7.522396256E0,-2.120999992E-1,2.689999901E-2,-2.802000046E-1,3.524515033E-1
7.532322819E0,-2.441999912E-1,4.079999775E-2,-1.586999893E-1,2.940815570E-1
7.542247819E0,-3.290999830E-1,5.779999867E-2,3.012000024E-1,4.498545099E-1
7.552174381E0,-1.891999990E-1,-2.329999954E-2,4.671999812E-1,5.045942449E-1
7.562100944E0,3.299999982E-3,-4.959999770E-2,3.840999901E-1,3.873033077E-1
7.572025944E0,1.002999991E-1,-9.200000204E-3,3.529999852E-1,3.670881630E-1
7.581954069E0,8.439999819E-2,-2.009999938E-2,1.979999989E-1,2.161743954E-1
7.591880631E0,2.600000007E-3,-4.189999774E-2,-2.389999852E-2,4.830713964E-2
7.601805631E0,-2.850000001E-2,2.309999987E-2,-1.948999912E-1,1.983226325E-1
7.611732194E0,-1.370000001E-2,6.989999861E-2,-3.482999802E-1,3.555088972E-1
7.621658756E0,-4.959999770E-2,5.949999765E-2,-2.980999947E-1,3.080000265E-1
7.631585319E0,-1.665000021E-1,-7.199999876E-3,-6.529999524E-2,1.789921230E-1
7.641511881E0,-2.166000009E-1,4.449999705E-2,7.769999653E-2,2.343781124E-1
7.651438444E0,-1.314000040E-1,-1.099999994E-3,2.198999971E-1,2.561702164E-1
7.661365006E0,-5.619999766E-2,-1.359999925E-1,3.928000033E-1,4.194595097E-1
7.671290006E0,-4.969999939E-2,-1.349000037E-1,4.300999939E-1,4.534910206E-1
7.681216569E0,-8.999999613E-2,-9.659999609E-2,2.940999866E-1,3.223761167E-1
7.691143131E0,-2.149999887E-2,-8.009999990E-2,1.317999959E-1,1.557225059E-1
7.701069694E0,6.639999896E-2,-4.419999942E-2,7.759999484E-2,1.112850350E-1
7.710996256E0,1.063999981E-1,1.139999926E-2,-1.579999924E-2,1.081691247E-1
7.720922819E0,1.079999954E-1,8.799999952E-3,7.499999832E-3,1.086171671E-1
7.730849381E0,1.492999941E-1,6.399999838E-3,-1.829999872E-2,1.505534397E-1
7.740774381E0,5.429999903E-2,3.409999982E-2,-5.799999926E-3,6.438120751E-2
7.750700944E0,8.499999531E-3,7.249999791E-2,1.622999907E-1,1.779600704E-1
7.760627506E0,-4.649999738E-2,1.310000010E-2,2.712000012E-1,2.754692368E-1
7.770554069E0,-1.008999944E-1,4.149999842E-2,3.218999803E-1,3.398862399E-1
7.780480631E0,-2.229999900E-1,1.999999955E-2,4.132999778E-1,4.700487923E-1
7.790407194E0,-2.972999811E-1,-1.999999862E-3,3.976999819E-1,4.965446147E-1
7.800332194E0,-2.854999900E-1,-4.639999941E-2,1.991999894E-1,3.512034169E-1
7.810258756E0,-2.184999883E-1,3.639999777E-2,1.576000005E-1,2.718546761E-1
7.820185319E0,-1.832000017E-1,2.159999870E-2,1.644999981E-1,2.471619913E-1
7.830111881E0,-1.574999988E-1,-1.179999951E-2,2.778999805E-1,3.196465060E-1
7.840038444E0,-1.612999886E-1,-4.569999874E-2,4.997999966E-1,5.271681068E-1
7.849965006E0,-1.539999992E-1,-6.199999899E-2,4.206999838E-1,4.522703572E-1
7.859890006E0,-1.546999961E-1,-5.049999803E-2,1.772999913E-1,2.406608101E-1
7.869816569E0,-1.648000032E-1,1.999999949E-4,1.239999942E-2,1.652659706E-1
7.879743131E0,-1.551000029E-1,3.089999966E-2,-1.516999900E-1,2.191431218E-1
7.889669694E0,-2.045999914E-1,5.240000039E-2,-2.969999909E-1,3.644391735E-1
7.899596256E0,-2.845000029E-1,6.700000167E-2,-1.819999963E-1,3.443156263E-1
7.909522819E0,-3.559999764E-1,2.520000003E-2,2.730000019E-2,3.579333921E-1
7.919449381E0,-3.597999811E-1,3.499999875E-3,-9.099999443E-3,3.599320580E-1
7.929374381E0,-2.173999995E-1,-8.299999870E-3,-1.436000019E-1,2.606772148E-1
7.939300944E0,-1.358999908E-1,9.499999695E-3,-1.906999946E-1,2.343619965E-1
7.949227506E0,-1.321000010E-1,-4.010000080E-2,-6.269999593E-2,1.516235793E-1
7.959154069E0,-6.960000098E-2,-3.059999831E-2,1.569999941E-2,7.763382004E-2
7.969080631E0,4.399999976E-3,-6.079999730E-2,5.579999834E-2,8.264163289E-2
7.979005631E0,-5.489999801E-2,-1.111999974E-1,2.048999965E-1,2.395066967E-1
7.988933756E0,-1.011999995E-1,-1.036999971E-1,2.672999799E-1,3.040467210E-1
7.998858756E0,-1.242999956E-1,-8.919999748E-2,3.979999945E-2,1.580859526E-1
8.008785319E0,-1.087999940E-1,-4.549999908E-2,-1.969999969E-1,2.296011485E-1
8.018711881E0,-8.399999887E-2,-2.169999853E-2,-3.647999763E-1,3.749745491E-1
8.028638444E0,-1.413999945E-1,-1.449999958E-2,-2.430999875E-1,2.816057747E-1
8.038565006E0,-1.428999901E-1,-1.529999916E-2,-6.599999964E-3,1.438681936E-1
8.048490006E0,-8.630000055E-2,-3.449999914E-2,1.101999953E-1,1.441595609E-1
8.058418131E0,-1.270999908E-1,-1.125999987E-1,2.270999998E-1,2.835622988E-1
8.068343131E0,-1.372999996E-1,-4.409999773E-2,2.371999919E-1,2.775967144E-1
8.078269694E0,-1.379999965E-1,-5.509999767E-2,1.897999942E-1,2.410478098E-1
8.088196256E0,-1.269999985E-2,-8.649999648E-2,8.469999582E-2,1.217276825E-1
8.098122819E0,5.240000039E-2,-8.859999478E-2,6.790000200E-2,1.233131355E-1
8.108049381E0,5.909999833E-2,-1.193999946E-1,2.462999970E-1,2.800229580E-1
8.117974381E0,1.548999995E-1,-1.313000023E-1,1.902999878E-1,2.782944229E-1
8.127900944E0,1.829999983E-1,-5.659999698E-2,8.799999952E-2,2.107998078E-1
8.137827506E0,1.636999995E-1,-4.019999877E-2,1.123999953E-1,2.026017983E-1
8.147754069E0,8.819999546E-2,-5.389999971E-2,7.919999957E-2,1.302193883E-1
8.157679069E0,2.469999902E-2,-3.839999810E-2,8.559999615E-2,9.701550982E-2
8.167607194E0,-8.639999479E-2,-5.249999836E-2,6.319999695E-2,1.192285559E-1
8.177533756E0,-6.960000098E-2,-1.850000024E-2,-7.549999654E-2,1.043391567E-1
8.187458756E0,2.239999920E-2,3.599999845E-2,-3.237999976E-1,3.265642330E-1
8.197385319E0,-6.699999794E-3,8.129999787E-2,-1.513999999E-1,1.719783114E-1
8.207311881E0,-7.660000026E-2,-2.740000002E-2,4.589999840E-2,9.340840377E-2
8.217238444E0,-7.819999754E-2,-1.840000041E-2,1.744000018E-1,1.920134377E-1
8.227165006E0,9.599999525E-3,9.499999695E-3,1.275999993E-1,1.283127812E-1
8.237090006E0,2.159999870E-2,-1.269999985E-2,-9.369999915E-2,9.699247281E-2
8.247016569E0,2.510000020E-2,4.319999740E-2,-1.479000002E-1,1.561110497E-1
8.256943131E0,-6.999999750E-4,1.599999960E-3,-1.735000014E-1,1.735087908E-1
8.266869694E0,-1.657999903E-1,7.999999798E-4,6.309999526E-2,1.774031741E-1
8.276796256E0,-1.949999928E-1,-3.839999810E-2,2.396999896E-1,3.113770095E-1
8.286722819E0,-1.664000005E-1,0.000000000E0,2.309999913E-1,2.846927399E-1
8.296649381E0,-9.849999845E-2,7.669999450E-2,6.679999828E-2,1.415887659E-1
8.306575944E0,-5.929999799E-2,5.519999936E-2,-1.753999889E-1,1.932063296E-1
8.316500944E0,-5.979999900E-2,5.449999869E-2,-1.743000001E-1,1.921634194E-1
8.326427506E0,-1.792999953E-1,8.500000089E-2,1.999999949E-4,1.984276404E-1
8.336354069E0,-1.617999971E-1,6.769999862E-2,1.534999907E-1,2.330767599E-1
8.346283756E0,-1.237000003E-1,5.989999697E-2,2.287999988E-1,2.669066113E-1
8.356207194E0,-4.609999806E-2,1.005999967E-1,1.970999986E-1,2.260397722E-1
8.366133756E0,-3.619999811E-2,1.013000011E-1,2.646999955E-1,2.857240237E-1
8.376058756E0,-2.012999952E-1,2.279999852E-2,3.041999936E-1,3.654848343E-1
8.385985319E0,-1.990999877E-1,1.195999980E-1,1.689999998E-1,2.872385151E-1
8.395911881E0,-6.099999696E-2,1.464999914E-1,-3.599999938E-3,1.587331317E-1
8.405838444E0,-1.249999925E-2,1.349999905E-1,-1.099999994E-2,1.360229665E-1
8.415763444E0,-4.329999909E-2,1.145999953E-1,8.810000122E-2,1.508961864E-1
8.425691569E0,-7.319999486E-2,4.609999806E-2,2.447999865E-1,2.596352874E-1
8.435616569E0,-2.479999885E-2,5.590000004E-2,2.349999994E-1,2.428267894E-1
8.445543131E0,-6.399999838E-3,5.529999733E-2,2.357999980E-1,2.422822502E-1
8.455469694E0,2.199999988E-2,2.499999851E-2,1.389999986E-1,1.429335493E-1
8.465396256E0,5.009999871E-2,4.299999680E-3,9.149999917E-2,1.044066555E-1
8.475322819E0,4.859999940E-2,3.399999812E-3,1.122999936E-1,1.224124524E-1
8.485249381E0,4.690000042E-2,2.799999900E-3,1.621000022E-1,1.687716230E-1
8.495175944E0,6.599999964E-3,-2.740000002E-2,1.828999966E-1,1.850587171E-1
8.505100944E0,6.499999668E-3,-3.839999810E-2,2.532999814E-1,2.562765897E-1
8.515027506E0,1.536999941E-1,-5.009999871E-2,1.109999977E-2,1.620398348E-1
8.524954069E0,2.026000023E-1,-1.379999984E-2,-8.229999989E-2,2.191129638E-1
8.534880631E0,1.627999991E-1,-1.549999975E-2,-5.040000007E-2,1.711264144E-1
8.544807194E0,1.137999967E-1,-9.499999881E-2,6.870000064E-2,1.633864410E-1
8.554732194E0,1.626999974E-1,-8.569999784E-2,8.909999579E-2,2.043393942E-1
8.564658756E0,6.439999491E-2,-1.061000004E-1,8.039999753E-2,1.478807933E-1
8.574585319E0,4.429999739E-2,-1.899999939E-2,7.249999791E-2,8.706169906E-2
8.584511881E0,4.429999739E-2,-3.940000013E-2,4.900000058E-3,5.948831632E-2
8.594438444E0,5.599999800E-3,-3.009999916E-2,1.037999988E-1,1.082211148E-1
8.604365006E0,-8.190000057E-2,-5.959999934E-2,2.412000000E-1,2.616050650E-1
8.614291569E0,-1.099999994E-1,-9.939999878E-2,2.619000077E-1,3.009517796E-1
8.624216569E0,-5.979999900E-2,-3.240000084E-2,2.349999994E-1,2.446442308E-1
8.634143131E0,-2.879999951E-2,-5.499999970E-2,2.201000005E-1,2.286885440E-1
8.644069694E0,-7.580000162E-2,-3.839999810E-2,2.640999854E-1,2.774328790E-1
8.653996256E0,-8.280000091E-2,1.569999941E-2,2.223999947E-1,2.378320579E-1
8.663922819E0,-8.940000087E-2,-8.200000040E-3,9.209999442E-2,1.286157421E-1
8.673849381E0,-1.649999991E-2,3.549999744E-2,-5.639999732E-2,6.865463941E-2
8.683774381E0,1.750000007E-2,5.959999934E-2,-8.699999750E-2,1.068990621E-1
8.693700944E0,-6.629999727E-2,5.559999868E-2,-1.587999910E-1,1.808438184E-1
8.703627506E0,-1.407999992E-1,5.269999802E-2,-1.737999916E-1,2.298007107E-1
8.713554069E0,-1.176999956E-1,4.089999944E-2,-1.507000029E-1,1.955417853E-1
8.723480631E0,-1.740999967E-1,1.040000003E-2,-2.119999938E-2,1.756940774E-1
8.733407194E0,-2.316000015E-1,1.979999989E-2,1.950999945E-1,3.034709352E-1
8.743333756E0,-2.113000005E-1,-1.030000020E-2,1.963000000E-1,2.885956864E-1
8.753258756E0,-1.615999937E-1,-2.199999988E-2,1.306999922E-1,2.090001098E-1
8.763185319E0,-1.797999889E-1,-5.599999800E-3,5.729999766E-2,1.887927057E-1
8.773111881E0,-1.973000020E-1,2.080000006E-2,1.310000010E-2,1.988254028E-1
8.783038444E0,-1.753000021E-1,3.689999878E-2,-6.949999928E-2,1.921508536E-1
8.792965006E0,-1.331000030E-1,2.339999937E-2,-1.419000030E-1,1.959560706E-1
8.802891569E0,-8.199999481E-2,5.029999837E-2,-1.377999932E-1,1.680563212E-1
8.812818131E0,-1.394999921E-1,-1.079999935E-2,-1.630000025E-2,1.408636852E-1
8.822743131E0,-1.383000016E-1,-2.199999988E-2,2.520000003E-2,1.422881950E-1
8.832669694E0,-7.899999619E-2,-3.370000049E-2,5.749999732E-2,1.033583046E-1
8.842596256E0,-5.920000002E-2,-6.000000052E-3,7.000000030E-2,9.187295600E-2
8.852522819E0,-6.799999624E-2,-1.789999940E-2,6.359999627E-2,9.481228292E-2
8.862449381E0,-9.549999982E-2,-2.019999921E-2,9.669999778E-2,1.374015266E-1
8.872375944E0,-7.369999588E-2,-2.259999886E-2,1.693999916E-1,1.861150357E-1
8.882302506E0,7.100000046E-3,-2.559999935E-2,1.841999888E-1,1.861058996E-1
8.892227506E0,3.029999882E-2,-1.069999952E-2,5.499999970E-3,3.260107234E-2
8.902154069E0,2.279999852E-2,-1.389999967E-2,-1.067999974E-1,1.100876440E-1
8.912080631E0,-5.319999903E-2,-2.679999918E-2,-4.279999807E-2,7.335066249E-2
8.922007194E0,-3.299999982E-2,-3.830000013E-2,2.050999999E-1,2.112389641E-1
8.931933756E0,-4.299999774E-2,-1.081999987E-1,3.443000019E-1,3.634538909E-1
8.941860319E0,-3.260000050E-2,-1.106999964E-1,3.777999878E-1,3.950317456E-1
8.951785319E0,-2.109999955E-2,-7.549999654E-2,3.057999909E-1,3.156882860E-1
8.961711881E0,2.149999887E-2,-7.109999657E-2,7.939999551E-2,1.087281875E-1
8.971638444E0,1.049999967E-1,-2.859999985E-2,7.059999555E-2,1.297201552E-1
8.981565006E0,1.102999970E-1,-2.419999987E-2,6.019999832E-2,1.279678442E-1
8.991491569E0,7.719999552E-2,-5.839999765E-2,9.599999525E-3,9.727568568E-2
9.001418131E0,4.569999874E-2,-3.409999982E-2,-4.999999702E-2,7.583732309E-2
9.011343131E0,2.520000003E-2,-9.599999525E-3,-1.489999890E-1,1.514205954E-1
9.021269694E0,-6.899999920E-3,4.589999840E-2,-1.724999994E-1,1.786355778E-1
9.031196256E0,8.999999845E-4,3.339999914E-2,-1.869999915E-1,1.899614876E-1
9.041122819E0,-1.396999955E-1,3.189999983E-2,-2.689999901E-2,1.457988638E-1
9.051049381E0,-1.454999894E-1,4.079999775E-2,1.415999979E-1,2.070880154E-1
9.060975944E0,-4.479999840E-2,-2.879999951E-2,1.729999930E-1,1.810123681E-1
9.070902506E0,2.659999952E-2,1.819999889E-2,1.076999977E-1,1.124192574E-1
9.080827506E0,5.040000007E-2,5.480000004E-2,1.429999992E-2,7.581352128E-2
9.090754069E0,-3.299999982E-3,8.209999651E-2,1.840000041E-2,8.420130309E-2
9.100680631E0,-3.649999946E-2,1.096999943E-1,7.109999657E-2,1.357260042E-1
9.110607194E0,-1.381999999E-1,1.081999987E-1,1.331000030E-1,2.202773037E-1
9.120533756E0,-1.986999959E-1,8.659999818E-2,1.273999959E-1,2.514199813E-1
9.130460319E0,-1.618999988E-1,8.469999582E-2,7.239999622E-2,1.965386943E-1
9.140386881E0,-2.049999982E-1,7.319999486E-2,8.569999784E-2,2.339395823E-1
9.150311881E0,-1.723999977E-1,3.289999813E-2,1.919999905E-2,1.765582313E-1
9.160238444E0,-1.134999990E-1,2.279999852E-2,9.999999776E-3,1.161984927E-1
9.170165006E0,-1.457999945E-1,5.289999768E-2,1.653999984E-1,2.267448073E-1
9.180091569E0,-1.508999914E-1,3.439999744E-2,2.707999945E-1,3.119083266E-1
9.190018131E0,-9.619999677E-2,5.599999800E-3,2.594999969E-1,2.768141033E-1
9.199944694E0,-3.139999881E-2,-1.389999967E-2,2.395000011E-1,2.419492104E-1
9.209871256E0,4.389999807E-2,-2.479999885E-2,1.525999904E-1,1.607140530E-1
9.219796256E0,4.299999774E-2,-4.569999874E-2,4.679999873E-2,7.827981586E-2
9.229722819E0,-6.099999882E-3,-6.669999659E-2,0.000000000E0,6.697835131E-2
9.239649381E0,-3.529999778E-2,-6.769999862E-2,-3.749999776E-2,8.506250342E-2
9.249575944E0,1.310000010E-2,-8.760000020E-2,-1.759999990E-2,9.030575859E-2
9.259502506E0,4.079999775E-2,-1.166999936E-1,6.019999832E-2,1.375047931E-1
9.269429069E0,2.969999984E-2,-1.454999894E-1,2.748000026E-1,3.123577729E-1
9.279355631E0,0.000000000E0,-1.748999953E-1,3.824999928E-1,4.205903623E-1
9.289280631E0,1.150000002E-2,-1.569999903E-1,3.658999801E-1,3.983265524E-1
9.299207194E0,-1.449999958E-2,-1.406999975E-1,1.657999903E-1,2.179366332E-1
9.309133756E0,-1.069999952E-2,-5.649999902E-2,-9.179999679E-2,1.083234937E-1
9.319058756E0,-5.460000038E-2,-5.150000006E-2,-2.009999901E-1,2.145563005E-1
9.328986881E0,-8.969999850E-2,-2.499999851E-2,-1.368999928E-1,1.655678039E-1
9.338913444E0,-9.510000050E-2,-4.690000042E-2,1.123999953E-1,1.545230697E-1
9.348838444E0,-2.080000006E-2,-9.820000082E-2,2.639999986E-1,2.824391605E-1
9.358765006E0,5.319999903E-2,-1.008999944E-1,3.279999793E-1,3.472679587E-1
9.368691569E0,1.107999980E-1,-7.639999688E-2,1.507999897E-1,2.021243082E-1
9.378618131E0,1.190999970E-1,6.999999750E-3,-2.659999952E-2,1.222348938E-1
9.388544694E0,1.976999938E-1,4.129999876E-2,-3.680000082E-2,2.052930041E-1
9.398471256E0,1.603000015E-1,-1.169999968E-2,1.185999960E-1,1.997471890E-1
9.408396256E0,2.100999951E-1,-1.030999944E-1,4.684000015E-1,5.236126223E-1
9.418322819E0,2.000999898E-1,-1.162000000E-1,7.398999929E-1,7.752383153E-1
9.428249381E0,1.846999973E-1,-7.360000163E-2,8.114999533E-1,8.355017794E-1
9.438174381E0,1.881999969E-1,-2.239999920E-2,7.084999681E-1,7.334120285E-1
9.448100944E0,1.772999913E-1,6.369999796E-2,5.841000080E-1,6.137310453E-1
9.458029069E0,1.356000006E-1,1.310999990E-1,4.092999995E-1,4.506673490E-1
9.467954069E0,-3.920000046E-2,1.375000030E-1,3.075000048E-1,3.391152367E-1
9.477880631E0,-1.730399966E0,8.962999582E-1,-6.368700027E0,6.660178503E0
9.487807194E0,-1.067399979E0,1.485000014E0,-2.795399904E0,3.340483256E0
9.497733756E0,-8.481000066E-1,-1.136299968E0,2.570099831E0,2.935279267E0
9.507658756E0,4.184999764E-1,-2.379999906E-1,1.883699894E0,1.944250888E0
9.517586881E0,-5.564999580E-1,-3.993999958E-1,6.566999555E-1,9.489296030E-1
9.527511881E0,-8.791999817E-1,2.194999903E-1,-4.167999923E-1,9.974442777E-1
9.537438444E0,-8.629999757E-1,3.197000027E-1,-1.316100001E0,1.605956495E0
9.547365006E0,-6.750999689E-1,1.814000010E-1,-1.217700005E0,1.404086618E0
