time;ax (m/s^2);ay (m/s^2);az (m/s^2);aT (m/s^2)
0.001163;-0.2855;0.0445;-0.3554;0.458
0.006279;-0.6413;0.1237;-0.5125;0.830
0.013493;-0.8479;0.1635;-0.5324;1.014
0.023859;-0.8327;0.1779;-0.4779;0.976
0.038248;-0.6619;0.2557;-0.3791;0.804
0.042888;-0.4230;0.2873;-0.2441;0.567
0.057212;-0.2005;0.3314;-0.1414;0.412
0.063089;0.0005;0.3457;-0.1854;0.392
0.073923;0.1118;0.3030;-0.1528;0.357
0.082860;0.1486;0.2482;-0.1081;0.309
0.092546;0.1575;0.1754;-0.0160;0.236
0.106832;0.0885;0.0740;0.0850;0.143
0.113584;0.0388;-0.0380;0.1184;0.130
0.122359;0.0467;-0.1209;0.1225;0.178
0.132368;0.1218;-0.1847;0.1469;0.266
0.142089;0.1464;-0.2769;0.1604;0.352
0.157993;0.1325;-0.2898;0.2613;0.412
0.162292;0.0811;-0.2924;0.3714;0.480
0.173589;0.0697;-0.2753;0.4424;0.526
0.182096;0.0681;-0.2290;0.4841;0.540
0.192854;0.0863;-0.1848;0.4495;0.494
0.203789;0.1049;-0.1028;0.3674;0.396
0.212013;0.1247;-0.0417;0.3062;0.333
0.223473;0.0970;-0.0302;0.2456;0.266
0.231889;0.0615;0.0009;0.2340;0.242
0.241493;0.0357;0.0323;0.2711;0.275
0.256701;0.0104;0.0449;0.4055;0.408
0.261318;-0.0165;0.0574;0.5106;0.514
0.275887;-0.0740;0.0307;0.5372;0.543
0.281869;-0.0943;0.0027;0.5162;0.525
0.291168;-0.0180;0.0029;0.4669;0.467
0.305198;0.0083;-0.0076;0.4481;0.448
0.311046;0.0348;-0.0098;0.4112;0.413
0.330694;0.0527;-0.0237;0.2978;0.303
0.366078;0.0527;-0.0285;0.1360;0.149
0.366653;0.0052;-0.0161;-0.0134;0.022
0.366862;-0.0901;-0.0228;-0.1732;0.197
0.367071;-0.1944;-0.0383;-0.2555;0.323
0.375702;-0.2889;-0.0323;-0.2124;0.360
0.382172;-0.4043;-0.0242;-0.1518;0.433
0.392343;-0.4137;-0.0050;-0.1023;0.426
0.409081;-0.3764;0.0152;-0.0540;0.381
0.410142;-0.2917;0.0655;0.0329;0.301
0.423723;-0.2372;0.1060;0.0610;0.267
0.431031;-0.1327;0.1554;0.0410;0.208
0.440669;-0.0663;0.1642;-0.0363;0.181
0.452690;-0.0478;0.2695;-0.0827;0.286
0.459767;-0.0958;0.3059;-0.2170;0.387
0.469870;-0.1128;0.2628;-0.3209;0.430
0.479660;-0.0814;0.2794;-0.3275;0.438
0.489671;-0.0708;0.2865;-0.3443;0.453
0.503338;-0.0229;0.2550;-0.3716;0.451
0.510211;0.0230;0.2443;-0.3707;0.445
0.524712;0.0580;0.1952;-0.4098;0.458
0.529738;0.1103;0.1276;-0.4893;0.518
0.540049;0.1921;0.0997;-0.4320;0.483
0.555401;0.0182;-0.0839;-0.5132;0.520
0.560481;0.0190;-0.0989;-0.4885;0.499
0.569396;0.0787;-0.1030;-0.4061;0.426
0.579088;0.1251;-0.1920;-0.2487;0.338
0.589676;0.2407;-0.2222;-0.2087;0.388
0.599086;0.3579;-0.2045;-0.1579;0.441
0.610024;0.3779;-0.1765;-0.0880;0.426
0.619541;0.3909;-0.1195;-0.1353;0.431
0.628745;0.2882;-0.0629;-0.0449;0.298
0.638547;0.3338;-0.0063;-0.0624;0.340
0.648652;0.2751;0.0119;-0.2378;0.364
0.658766;0.2455;0.2193;-0.1120;0.348
0.675276;0.0646;0.2317;0.0128;0.241
0.678244;-0.1377;-0.0084;0.0372;0.143
0.688468;-0.2977;-0.1808;0.1608;0.384
0.697969;-0.3346;-0.3632;0.2847;0.570
0.708215;-0.2032;-0.4600;0.4413;0.669
0.718391;-0.0756;-0.3668;0.6243;0.728
0.727778;-0.0956;-0.2624;0.8161;0.863
0.737749;-0.2126;-0.2963;0.9014;0.972
0.748605;-0.2633;-0.3010;0.9287;1.011
0.757892;-0.1223;-0.1786;0.8186;0.847
0.768795;0.1524;0.0319;0.6992;0.716
0.777500;0.3174;0.0889;0.5170;0.613
0.788218;0.2465;0.1015;0.3686;0.455
0.797761;0.1519;0.1924;0.1809;0.305
0.809454;0.0448;0.2404;-0.2292;0.335
0.822182;-0.0999;0.2416;-0.6219;0.675
0.827764;-0.0546;0.3536;-0.7522;0.833
0.836992;-0.1548;0.0982;-0.4650;0.500
0.846982;-0.1473;-0.1649;-0.1977;0.297
0.856814;0.0568;-0.1461;0.1996;0.254
0.868354;0.1176;-0.0824;0.7592;0.773
0.876888;0.0212;-0.1566;1.0432;1.055
0.888089;-0.0350;-0.2940;1.0077;1.050
0.897338;0.2342;-0.2091;0.7579;0.820
0.907641;0.2520;-0.2407;0.6340;0.723
0.921231;0.2057;-0.1700;0.3870;0.470
0.926151;0.1106;0.0025;0.3417;0.359
0.941780;-0.0914;0.1125;0.1917;0.240
0.946616;-0.0781;0.1708;-0.0831;0.205
0.956062;0.3494;0.3673;-0.5835;0.773
0.969032;0.5658;0.3721;-0.8314;1.072
0.976322;0.5631;0.1999;-1.1636;1.308
0.986838;0.5897;0.0498;-1.0149;1.175
0.997582;0.7983;0.1183;-0.9340;1.234
1.006840;0.7686;0.1035;-0.1624;0.792
1.017114;0.4109;0.0778;0.7778;0.883
1.027123;0.4020;0.1571;1.6392;1.695
1.036151;0.7366;0.1594;1.9196;2.062
1.046317;1.0437;-0.1350;1.6503;1.957
1.055457;1.5776;-0.2779;0.6991;1.748
1.070281;1.9089;-0.2374;0.0147;1.924
1.075186;1.3079;-0.2473;-0.4557;1.407
1.091033;0.2271;-0.2224;0.1057;0.335
1.096793;-0.8459;-0.0543;1.0702;1.365
1.104865;-2.0922;0.7195;2.7094;3.498
1.122120;-2.3733;0.7058;2.7179;3.677
1.124915;-2.2958;-0.1349;1.8453;2.949
1.135082;-2.1747;-0.9043;0.5480;2.418
1.146329;-1.1053;-0.8736;-1.2036;1.853
1.154659;1.1579;0.5746;-2.5048;2.819
1.164821;2.0229;1.2690;-2.6869;3.595
1.174690;1.2683;0.8497;-2.0542;2.559
1.187483;0.3276;0.1716;-1.0708;1.133
1.194526;-0.2418;-0.2710;-0.2716;0.454
1.204380;-0.7328;-0.2646;0.7663;1.093
1.214693;-1.3193;-0.1983;1.2250;1.811
1.225011;-2.5336;-0.4753;1.0941;2.800
1.241718;-3.7185;-0.3570;0.5767;3.780
1.244250;-1.7126;0.3953;-0.6926;1.889
1.254552;0.4246;0.3646;-1.6868;1.777
1.264506;1.8358;-0.1955;0.2631;1.865
1.274252;0.8561;-0.3049;3.1647;3.293
1.286724;-0.1278;0.3265;3.9695;3.985
1.293901;-0.0940;0.5701;3.3120;3.362
1.305309;-0.0888;0.1961;1.5898;1.604
1.314210;-0.1543;0.2119;1.0550;1.087
1.323896;-0.2458;0.2757;1.1268;1.186
1.336164;-0.3487;0.0525;1.1740;1.226
1.343355;-0.2601;-0.2341;0.8224;0.894
1.353427;-0.0443;-0.4721;0.5038;0.692
1.363234;0.1968;-0.6453;0.1897;0.701
1.373003;0.6447;-0.6157;-0.3626;0.962
1.391385;1.1353;-0.4199;-1.0594;1.609
1.392873;1.5483;-0.4459;-2.0912;2.640
1.404530;1.5441;-0.4907;-2.5538;3.024
1.413401;1.3593;-0.2647;-2.7964;3.121
1.422611;1.0482;-0.1406;-3.1335;3.307
1.434067;0.6719;-0.2142;-2.6072;2.701
1.442520;0.5089;-0.2020;-1.5207;1.616
1.454611;0.4769;-0.2293;-0.3070;0.612
1.463920;0.5072;-0.1567;0.3466;0.634
1.472203;0.6360;-0.1557;0.0039;0.655
1.487335;0.7764;-0.0856;-0.8082;1.124
1.492138;0.8126;-0.0902;-1.5070;1.714
1.507888;0.6589;-0.1389;-1.6623;1.794
1.513347;0.5201;-0.0700;-1.3188;1.419
1.522164;0.3305;-0.0318;-0.9259;0.984
1.535874;0.1690;-0.0659;-0.4614;0.496
1.542740;0.0966;-0.0559;-0.1786;0.211
1.552691;0.1409;-0.0591;-0.1177;0.193
1.562639;0.1064;-0.0990;-0.1673;0.222
1.571763;0.1871;-0.1037;-0.3696;0.427
1.589729;0.2268;-0.0770;-0.8485;0.882
1.591513;0.1557;-0.0279;-1.2326;1.243
1.601295;0.0902;-0.0413;-1.4272;1.431
1.612142;-0.0398;-0.0915;-1.3504;1.354
1.622164;-0.0452;-0.1267;-1.1513;1.159
1.636469;0.0346;-0.1012;-1.0712;1.077
1.641151;0.1939;-0.1086;-1.0857;1.108
1.656488;0.2868;-0.1321;-0.7984;0.859
1.662054;0.3873;-0.0780;0.0795;0.403
1.670950;0.2949;-0.1549;0.9042;0.964
1.684633;0.1390;-0.2429;1.3196;1.349
1.690881;-0.0180;-0.1820;1.0587;1.074
1.701466;-0.3301;-0.0790;0.6281;0.714
1.713887;-0.4978;-0.0120;0.1750;0.528
1.721371;-0.6001;0.0000;-0.0763;0.605
1.730429;-0.5064;0.0457;-0.1153;0.521
1.740387;-0.3680;0.1027;0.0406;0.384
1.751310;-0.3492;0.2297;0.2545;0.489
1.760254;-0.5277;0.2686;0.6060;0.847
1.771273;-0.6746;0.2703;0.8386;1.110
1.790181;-0.6235;0.2248;0.8619;1.087
1.791094;-0.4652;0.1018;0.8626;0.985
1.802224;-0.3436;0.0952;0.7558;0.836
1.811803;-0.2067;0.1900;0.7031;0.757
1.819876;0.0477;0.3116;0.7310;0.796
1.829888;0.3841;0.2349;0.7219;0.851
1.839640;0.4626;-0.0073;0.8008;0.925
1.849851;0.4797;-0.1816;0.7828;0.936
1.860846;0.3464;-0.2692;0.5608;0.712
1.869325;0.1700;-0.2338;-0.2363;0.373
1.879737;-0.0814;-0.2640;-1.7917;1.813
1.889360;-0.0623;-0.0742;-0.8992;0.904
1.901997;-0.0542;0.0196;0.3745;0.379
1.909096;-0.0778;-0.0482;0.5670;0.574
1.921483;0.1744;-0.1313;0.3419;0.406
1.929613;0.4127;-0.1614;0.1432;0.466
1.939501;0.5755;-0.1565;0.0869;0.603
1.949712;0.4915;-0.2162;0.3722;0.653
1.960529;0.2885;-0.2249;0.6768;0.769
1.968592;0.1097;-0.1233;0.9782;0.992
1.978607;-0.0391;-0.1405;1.0458;1.056
1.990184;-0.1669;-0.1577;1.2122;1.234
1.998693;-0.1457;-0.1133;1.1361;1.151
2.008320;-0.0738;-0.1357;0.7616;0.777
2.019252;0.0605;-0.0852;0.3124;0.329
2.028265;0.1193;-0.1090;-0.2212;0.274
2.038312;-0.0682;-0.0715;-0.4627;0.473
2.051871;-0.1189;-0.0513;-0.5195;0.535
2.057916;-0.0670;-0.0319;-0.4354;0.442
2.072388;0.0502;-0.0110;-0.2245;0.230
2.078198;0.1285;0.0252;0.0710;0.149
2.088108;0.1306;0.0355;0.2075;0.248
2.101205;0.1458;0.0600;0.2400;0.287
2.107550;0.2226;0.0781;0.0709;0.246
2.117605;0.2000;0.1058;-0.1371;0.265
2.127469;0.1221;0.1004;-0.2936;0.333
2.137364;0.1079;0.0928;-0.3212;0.351
2.147794;0.1164;0.0981;-0.2722;0.312
2.158142;0.0181;0.1315;-0.3008;0.329
2.167595;-0.0815;0.1343;-0.4659;0.492
2.178044;-0.1003;0.1803;-0.6434;0.676
2.186914;-0.0744;0.1971;-0.8013;0.829
2.205389;-0.0068;0.2212;-0.7776;0.808
2.206742;0.0865;0.1827;-0.5124;0.551
2.217370;0.2975;0.2466;-0.2006;0.435
2.226653;0.5728;0.5770;0.5025;0.956
2.236842;0.2854;0.3108;0.6263;0.755
2.249203;-0.1682;-0.1807;0.8443;0.880
2.257471;-0.2222;-0.2608;0.6863;0.767
2.266578;-0.0527;0.0880;0.6437;0.652
2.276409;0.1091;0.1630;0.1168;0.228
2.286911;0.0951;-0.0302;-0.2997;0.316
2.301440;-0.4675;0.3374;-0.0799;0.582
2.306149;-0.6251;0.4535;-0.0291;0.773
2.319898;-0.3017;0.0800;-0.3617;0.478
2.325878;0.0411;-0.0375;-0.7347;0.737
2.336788;0.3647;0.3007;-0.2482;0.534
2.351742;0.5546;0.2533;-0.2361;0.654
2.355709;0.4579;0.0124;0.1080;0.471
2.373858;0.4246;0.0612;0.5275;0.680
2.375614;0.2761;0.0071;0.5874;0.649
2.386157;0.0816;0.0090;0.4432;0.451
2.395988;0.0552;0.0431;0.0676;0.097
2.405748;0.0158;0.0076;-0.3075;0.308
2.416397;0.0943;-0.0948;-0.4582;0.477
2.425354;0.2851;-0.1255;-0.3066;0.437
2.435657;0.4971;-0.0804;-0.1690;0.531
2.445087;0.4669;-0.1440;0.0477;0.491
2.455223;0.2337;-0.2045;0.0079;0.311
2.467379;0.1384;-0.1816;-0.1859;0.294
2.475050;0.1856;-0.1274;-0.3121;0.385
2.490309;0.2133;-0.1719;0.0720;0.283
2.499232;0.2491;-0.1902;0.3250;0.451
2.505497;0.2230;-0.2016;0.6385;0.706
2.516957;0.2424;-0.1026;0.5443;0.605
2.524555;0.1871;-0.0298;0.3067;0.360
2.534409;0.0043;-0.0120;0.1803;0.181
2.544816;-0.1020;0.0229;-0.0327;0.110
2.554356;-0.1705;0.0090;-0.1773;0.246
2.564920;-0.1222;0.0261;-0.1756;0.216
2.575209;-0.0702;0.0356;0.0011;0.079
2.584909;0.0155;0.0848;0.1482;0.171
2.594282;0.0855;0.0831;0.0903;0.150
2.604009;0.1686;0.1374;-0.2700;0.347
2.618760;0.1136;0.2009;-0.7182;0.754
2.623893;-0.0029;0.1011;-0.9036;0.909
2.638254;-0.0050;0.1077;-0.6425;0.651
2.643757;0.0491;0.0441;-0.1508;0.165
2.654531;0.1169;-0.0036;0.3178;0.339
2.669715;0.2151;0.0410;0.6718;0.707
2.673470;0.2820;0.1099;0.8225;0.876
2.685224;0.2889;0.1207;0.5270;0.613
2.693424;0.1609;0.1335;0.1968;0.287
2.704678;0.0567;0.1513;-0.1988;0.256
2.714028;-0.0265;0.0899;-0.3680;0.380
2.723508;-0.0978;0.0445;-0.4621;0.474
2.734146;-0.1829;0.0838;-0.3144;0.373
2.743546;-0.2346;0.0878;-0.1497;0.292
2.752938;-0.2622;0.0964;-0.1053;0.299
2.771297;-0.4066;0.0362;-0.0218;0.409
2.772708;-0.3593;0.0655;0.0021;0.365
2.785757;-0.1871;0.0846;-0.0424;0.210
2.792646;-0.2132;0.0541;0.0701;0.231
2.811688;-0.0415;-0.0060;0.1339;0.140
2.813541;0.0066;0.1081;0.1010;0.148
2.822608;0.0938;0.1128;0.1081;0.182
2.832386;0.0618;0.1072;0.1155;0.169
2.842564;-0.0203;0.0434;0.1030;0.114
2.853520;-0.0940;0.0002;0.0898;0.130
2.863092;-0.1550;0.0237;-0.0594;0.168
2.872244;-0.1461;-0.0490;-0.0723;0.170
2.882050;-0.0088;-0.0305;-0.2145;0.217
2.893188;0.1070;0.0196;-0.2402;0.264
2.901927;0.1681;0.0635;-0.0815;0.197
2.915006;0.1771;0.0758;0.1903;0.271
2.921995;0.2796;0.1142;0.4348;0.529
2.931745;0.3159;0.1445;0.5508;0.651
2.941539;0.1355;0.0984;0.3575;0.395
2.951285;0.0262;0.1079;0.1562;0.192
2.961542;-0.0669;0.1450;0.0148;0.160
2.972058;0.0393;0.0356;0.0300;0.061
2.982876;0.1300;0.1029;0.1235;0.207
2.990939;0.0105;0.1185;0.1989;0.232
3.001179;-0.0078;0.1046;0.2155;0.240
3.011052;0.0624;0.0205;0.2917;0.299
3.021272;0.1813;-0.0563;0.1732;0.257
3.034232;0.2722;0.0003;-0.0511;0.277
3.041056;0.1797;-0.0054;-0.3128;0.361
3.055432;0.0558;0.0384;-0.4278;0.433
3.060632;0.2045;0.1049;-0.4757;0.528
3.070664;0.2803;0.0577;-0.4472;0.531
3.082119;0.3052;0.0430;-0.3027;0.432
3.090249;0.2616;-0.0275;-0.2186;0.342
3.100258;0.2771;-0.1270;-0.2427;0.390
3.110156;0.4383;0.2156;-0.1985;0.527
3.120095;0.3147;0.0588;-0.1841;0.369
3.131517;0.2301;0.0222;-0.1318;0.266
3.139851;0.2152;0.0924;-0.0887;0.250
3.150020;0.0924;0.0578;-0.0472;0.119
3.160310;-0.0367;0.0403;-0.0142;0.056
3.169697;-0.0745;0.0732;0.0573;0.119
3.188851;-0.0695;0.0959;0.2272;0.256
3.189508;-0.0708;0.1474;0.3483;0.385
3.202399;-0.1060;0.1499;0.3812;0.423
3.210105;-0.1717;0.0976;0.2013;0.282
3.219469;0.0088;0.1999;0.1011;0.224
3.231324;0.1928;0.2634;0.0399;0.329
3.239223;0.2187;0.1804;0.0765;0.294
3.249117;0.0592;0.1669;0.2010;0.268
3.259179;0.0277;0.1619;0.1987;0.258
3.268878;-0.0646;0.1445;0.1879;0.246
3.281828;-0.0543;0.1449;0.0996;0.184
3.289581;-0.0850;0.1145;-0.0368;0.147
3.302604;-0.0406;0.0446;-0.0849;0.104
3.309562;0.0122;0.0439;-0.0745;0.087
3.318728;0.1717;0.0250;-0.1531;0.231
3.337255;0.2508;0.0561;-0.2322;0.346
3.339371;0.3469;0.0102;-0.2533;0.430
3.354224;0.2952;-0.0034;-0.1875;0.350
3.358516;0.2327;0.0136;-0.0635;0.242
3.369017;0.1702;-0.0078;-0.0379;0.175
3.381212;0.0789;-0.0301;0.1547;0.176
3.388479;0.0882;0.0338;0.2308;0.249
3.398408;0.1274;0.0937;0.0540;0.167
3.408682;0.1561;0.0905;-0.2089;0.276
3.418304;0.1524;0.0569;-0.5400;0.564
3.429196;0.0858;0.0752;-0.5981;0.609
3.437754;-0.0006;0.0107;-0.6001;0.600
3.448881;0.0191;-0.0659;-0.5863;0.590
3.458061;0.0860;0.0269;-0.2798;0.294
3.467421;0.2487;0.0170;-0.2112;0.327
3.483703;0.2428;0.0006;-0.0853;0.257
3.487205;0.2389;0.1564;0.0133;0.286
3.497783;0.2285;0.1987;0.2375;0.385
3.519124;0.1904;0.0596;0.4054;0.452
3.519669;0.2198;0.0293;0.4061;0.463
3.530299;0.1966;-0.0148;0.3010;0.360
3.536925;0.1597;-0.0025;0.3047;0.344
3.548477;-0.0003;0.0628;0.3358;0.342
3.556736;-0.1375;0.0826;0.3602;0.394
3.566789;-0.1580;0.0831;0.2472;0.305
3.576758;-0.1183;0.1321;0.2816;0.333
3.586941;-0.0001;0.1738;0.3247;0.368
3.606043;0.1191;0.1181;0.5636;0.588
3.607377;0.1614;-0.0062;0.9105;0.925
3.617062;0.1594;-0.0366;1.0927;1.105
3.626229;0.1811;-0.0044;1.0816;1.097
3.636159;0.2047;0.0674;0.8396;0.867
3.647632;0.1713;0.0996;0.5337;0.569
3.656124;0.1677;0.1490;0.1702;0.282
3.666536;0.1847;0.1640;-0.2790;0.373
3.676923;0.2094;0.1576;-0.5607;0.619
3.686569;0.2108;0.2167;-0.6691;0.734
3.696480;0.1891;0.1643;-0.5549;0.609
3.705932;0.1855;0.1277;-0.3750;0.437
3.718045;0.2502;0.1044;-0.1576;0.314
3.725731;0.2676;0.0725;0.0004;0.277
3.735236;0.2887;0.0880;0.0515;0.306
3.751137;0.3130;0.1407;0.0153;0.344
3.755336;0.1328;0.1238;0.0483;0.188
3.766616;-0.0857;0.0185;-0.0362;0.095
3.775418;0.0055;0.0229;-0.1119;0.114
3.786324;0.1000;0.0571;0.0179;0.117
3.796354;0.1914;0.0324;0.0790;0.210
3.804918;0.2453;0.0168;0.0425;0.250
3.814819;0.1838;0.0505;-0.0331;0.193
3.825453;0.0885;0.0650;0.0674;0.129
3.834759;0.0537;0.1228;0.0094;0.134
3.845666;0.0292;0.1163;-0.0504;0.130
3.854497;-0.0552;-0.0349;-0.1016;0.121
3.865067;-0.0994;-0.2030;0.0322;0.228
3.874693;-0.0997;-0.5765;-0.5500;0.803
3.886417;-0.5549;-0.3039;-0.7637;0.992
3.896364;-0.2193;0.5024;-0.8272;0.992
3.904212;-0.1484;0.3616;-0.7510;0.847
3.917680;0.1453;0.3029;-0.6712;0.751
3.925220;0.1609;0.0511;-0.4849;0.513
3.934256;0.1712;0.0283;0.1507;0.230
3.948487;0.2278;0.0774;0.3778;0.448
3.954055;0.1666;0.0499;0.5356;0.563
3.964210;-0.0206;0.0466;0.5631;0.565
3.974912;0.0743;0.1486;0.4838;0.512
3.983837;0.1556;0.1765;0.4603;0.517
3.996860;0.1899;0.1289;0.5375;0.584
4.004424;0.1750;0.0345;0.6182;0.643
4.014061;0.1722;0.0038;0.5442;0.571
4.024399;0.1197;-0.0245;0.4441;0.461
4.033422;0.1683;-0.0331;0.3442;0.385
4.053210;0.2343;0.0386;0.3654;0.436
4.054014;0.2060;0.0139;0.3077;0.371
4.065729;0.2187;-0.0195;0.0973;0.240
4.074506;0.2854;0.0007;-0.0561;0.291
4.083592;0.3166;-0.0146;-0.2848;0.426
4.092925;0.3883;-0.0026;-0.5073;0.639
4.102756;0.4393;0.0291;-0.5827;0.730
4.113926;0.4006;0.0355;-0.5912;0.715
4.122742;0.2938;-0.0021;-0.5040;0.583
4.133947;0.2194;0.0135;-0.4581;0.508
4.142726;0.1443;0.0363;-0.4842;0.507
4.152837;0.1182;0.0429;-0.5806;0.594
4.170385;0.1605;0.0839;-0.5029;0.535
4.172720;0.1161;0.0513;-0.3687;0.390
4.182434;0.1118;0.0229;-0.2855;0.307
4.192003;0.0850;0.0451;-0.0952;0.135
4.202011;0.0563;0.0600;-0.1023;0.131
4.213469;0.0163;0.0866;0.0268;0.092
4.222982;-0.0136;0.0912;0.2063;0.226
4.232048;-0.0309;0.0694;0.1784;0.194
4.244883;0.0216;0.1249;0.1415;0.190
4.251639;0.1317;0.0269;0.0192;0.136
4.261938;0.0799;0.0676;-0.0936;0.140
4.271583;0.1924;0.0760;-0.0287;0.209
4.282342;0.1879;0.0147;-0.1398;0.235
4.291648;0.1832;0.0588;-0.0830;0.210
4.308493;0.1196;0.0223;0.0236;0.124
4.312503;0.0579;-0.0556;0.1120;0.138
4.321904;-0.1808;-0.9409;-0.0630;0.960
4.331284;0.2510;0.2514;0.0271;0.356
4.342016;0.2606;0.6577;-0.0291;0.708
4.350886;0.1353;0.2318;-0.1741;0.320
4.361215;0.2668;0.0697;-0.3186;0.421
4.371079;0.1632;0.2030;-0.4049;0.481
4.382232;0.1728;0.2893;-0.4628;0.572
4.391038;0.1302;0.2989;-0.2667;0.421
4.401239;0.0480;0.1940;-0.2977;0.359
4.410220;-0.0349;0.1216;-0.2614;0.290
4.420324;0.0174;0.1025;-0.1880;0.215
4.430568;0.1692;0.0762;-0.0766;0.201
4.440282;0.2256;0.0237;0.2100;0.309
4.450436;0.1589;-0.0508;0.3901;0.424
4.460295;0.1817;-0.0955;0.5112;0.551
4.470116;0.1535;-0.0447;0.6433;0.663
4.480747;0.1336;-0.0390;0.6897;0.704
4.489961;0.0455;-0.0678;0.7483;0.753
4.500270;-0.0312;-0.0730;0.6625;0.667
4.509777;-0.0279;-0.1015;0.4803;0.492
4.519849;0.0854;-0.0778;0.3601;0.378
4.529756;0.1093;-0.0346;0.2793;0.302
4.539449;0.1630;0.0336;0.0435;0.172
4.549395;0.1579;0.0915;-0.1428;0.232
4.563531;0.1321;0.1575;-0.4264;0.473
4.569250;0.0845;0.2389;-0.6147;0.665
4.579393;0.1441;0.2236;-0.6760;0.726
4.590514;0.2833;0.2100;-0.6499;0.739
4.599043;0.3235;0.1651;-0.5393;0.650
4.609794;0.3049;0.0826;-0.3314;0.458
4.619703;0.2484;0.0522;-0.2621;0.365
4.629425;0.1845;0.0528;-0.2328;0.302
4.639770;0.0318;0.0539;-0.2430;0.251
4.648782;-0.0055;0.0260;-0.0769;0.081
4.659720;0.0438;-0.0492;0.1863;0.198
4.668847;0.2199;-0.0374;0.3324;0.400
4.678793;0.2600;-0.0177;0.2147;0.338
4.688989;0.1839;-0.0886;0.0688;0.215
4.698563;0.1664;-0.1435;-0.0459;0.224
4.708306;0.1383;-0.1802;-0.1600;0.278
4.719512;0.1601;-0.0621;-0.3712;0.409
4.738799;0.1614;0.0973;-0.6030;0.632
4.739673;0.1408;0.1128;-0.6109;0.637
4.748101;0.1665;0.0332;-0.5321;0.559
4.758049;0.1704;-0.0153;-0.5815;0.606
4.767800;0.0079;-0.0341;-0.5429;0.544
4.778286;-0.0842;-0.1082;-0.3491;0.375
4.788872;-0.1613;-0.2642;-0.1678;0.352
4.798381;0.0854;-0.2101;0.0408;0.230
4.807947;0.1781;-0.1214;0.1197;0.247
4.817668;0.0755;-0.1279;0.2758;0.313
4.827583;0.1008;-0.0971;0.2956;0.327
4.837275;0.1170;-0.0810;0.2786;0.313
4.847533;0.1631;-0.1587;0.3622;0.428
4.857393;0.2874;-0.2522;0.5859;0.700
4.868021;0.2993;-0.2615;0.7530;0.851
4.877835;0.2539;-0.1781;0.6779;0.745
4.887151;0.9689;-0.7362;0.4481;1.297
4.896953;0.8695;-0.1633;0.2717;0.925
4.906733;0.4168;0.0956;-0.0612;0.432
4.916569;0.0664;-0.1862;-0.6087;0.640
4.926611;0.1049;-0.2190;-0.8539;0.888
4.937613;-0.0342;-0.2425;-0.8099;0.846
4.946895;-0.0202;-0.2479;-0.6630;0.708
4.957796;0.2190;-0.1981;-0.4798;0.563
4.967989;0.4498;-0.4276;-0.5929;0.858
4.980708;0.3422;-0.5494;-0.5200;0.830
4.986234;0.2851;-0.3828;-0.2820;0.554
5.001682;0.2218;-0.2027;-0.4180;0.515
5.006536;0.1741;-0.2781;-0.6226;0.704
5.018120;0.0342;-0.3928;-0.8667;0.952
5.028560;0.0985;-0.2701;-1.0431;1.082
5.036749;0.0034;-0.1381;-0.6944;0.708
5.046108;-0.0344;-0.0117;-0.0435;0.057
5.056547;-0.2357;-0.1307;0.2353;0.358
5.065871;-0.0835;0.2008;0.0604;0.226
5.075722;-0.1761;0.3125;0.2995;0.467
5.085248;-0.2919;-0.1369;0.5828;0.666
5.096651;-0.1901;-0.1846;0.6158;0.670
5.106198;0.1347;0.0382;0.0770;0.160
5.116005;0.6470;0.3992;-0.3400;0.833
5.130781;0.1391;0.7072;-0.0603;0.723
5.135552;-0.2821;0.6306;0.1023;0.698
5.152436;-0.4990;0.4520;-0.1493;0.690
5.155112;-0.4376;0.4290;-0.1688;0.636
5.164862;-0.2455;0.4136;0.2391;0.537
5.176786;-0.1410;0.2802;0.4275;0.530
5.184696;0.0957;-0.0045;0.2739;0.290
5.195736;0.9784;-0.5952;0.6283;1.306
5.204897;1.4751;-0.6680;0.9636;1.884
5.215609;0.7134;-0.1598;0.2622;0.777
5.227727;-0.4496;0.2378;-0.7087;0.872
5.234349;-1.0600;0.4429;-1.3350;1.761
5.244369;-0.9070;0.2163;-0.9064;1.300
5.254373;-0.4225;-0.2819;-0.3766;0.632
5.265049;0.0933;-0.3388;-0.1949;0.402
5.280057;0.4155;-0.0351;-0.0119;0.417
5.285091;0.4590;0.0727;-0.0538;0.468
5.300011;0.4219;0.1045;-0.2485;0.501
5.304678;0.4194;0.1977;-0.5417;0.713
5.313759;0.4546;0.1836;-0.6391;0.805
5.324843;0.6906;0.1965;-0.7791;1.059
5.333844;0.7513;0.2229;-0.8626;1.165
5.343727;0.5563;0.1462;-0.7233;0.924
5.354637;0.2636;0.1380;-0.5590;0.633
5.363571;0.1113;0.0645;-0.5878;0.602
5.373565;0.1798;-0.0453;-0.4839;0.518
5.383403;0.1208;-0.0837;-0.4447;0.468
5.393055;0.0041;-0.0598;-0.1155;0.130
5.403098;-0.4028;-0.1143;0.7115;0.826
5.413152;-0.4320;0.0250;1.4294;1.493
5.423945;-0.5190;0.1379;1.5856;1.674
5.435129;-0.6098;0.2668;1.6686;1.796
5.450205;-0.1706;0.2999;1.3257;1.370
5.454560;-0.0261;0.1441;1.1514;1.161
5.462758;-0.0703;0.1821;1.0690;1.087
5.472645;-0.0743;0.3450;0.9972;1.058
5.482631;-0.1064;0.3305;1.0044;1.063
5.492781;-0.0635;0.2820;0.9243;0.968
5.502556;-0.1655;0.4117;0.9127;1.015
5.514044;-0.3809;0.3340;1.1951;1.298
5.522748;-0.3064;0.3308;1.1153;1.203
5.532725;-0.2447;0.3613;1.0761;1.161
5.551127;-0.2833;0.3367;0.7933;0.907
5.552406;-0.1781;0.3365;0.5017;0.630
5.569506;-0.0651;0.2957;0.4555;0.547
5.571859;-0.0202;0.2946;0.5563;0.630
5.583085;-0.1105;0.3022;0.5695;0.654
5.593251;-0.1900;0.3090;0.6124;0.712
5.601622;-0.1617;0.3634;0.4989;0.638
5.612886;-0.1151;0.3333;0.4361;0.561
5.622119;0.0397;0.2568;0.2942;0.393
5.632789;0.0843;0.2041;0.2910;0.365
5.641404;0.0011;0.1503;0.2558;0.297
5.651515;-0.0266;0.0838;0.3486;0.360
5.662978;0.1303;0.0470;0.5196;0.538
5.672156;0.3675;0.0269;0.6330;0.732
5.681058;0.4828;0.0080;0.5799;0.755
5.692861;0.5026;0.0019;0.2547;0.563
5.700822;0.5132;0.0122;-0.0789;0.519
5.711762;0.5633;0.0126;-0.3439;0.660
5.720978;0.4565;-0.0357;-0.4716;0.657
5.730616;0.3686;-0.0651;-0.4062;0.552
5.741498;0.3202;-0.0646;-0.1937;0.380
5.751047;0.4195;-0.0506;0.0370;0.424
5.760731;0.6363;-0.0363;-0.1635;0.658
5.770533;0.7441;-0.1164;-0.4701;0.888
5.780240;0.8125;-0.0745;-0.6408;1.037
5.790568;0.7153;0.0188;-0.7142;1.011
5.800130;0.5392;0.0793;-0.5348;0.764
5.810084;0.4397;0.1056;-0.2789;0.531
5.821308;0.3780;0.0957;-0.1124;0.406
5.830889;0.2667;0.1065;-0.0151;0.288
5.851066;0.1949;0.1367;-0.0353;0.241
5.851804;0.2102;0.1372;-0.0653;0.259
5.862227;0.2655;0.0788;-0.0463;0.281
5.869532;0.3503;0.0790;-0.0663;0.365
5.879782;0.3960;0.1078;-0.1057;0.424
5.891811;0.3149;0.1459;-0.1840;0.393
5.899823;0.1547;0.2038;-0.2919;0.388
5.910122;-0.0276;0.2732;-0.4105;0.494
5.919844;-0.2027;0.2772;-0.3735;0.507
5.929385;-0.3343;0.3170;-0.2020;0.503
5.939858;-0.3299;0.3102;0.0175;0.453
5.950963;-0.1689;0.2639;0.3548;0.473
5.962670;-0.1092;0.3385;0.4261;0.555
5.968955;-0.0812;0.3468;0.4418;0.567
5.982301;-0.0759;0.3262;0.4374;0.551
5.994244;0.0441;0.3704;0.3566;0.516
5.998754;-0.0399;0.3444;0.4334;0.555
6.012232;-0.0844;0.3458;0.3834;0.523
6.018688;-0.1084;0.3155;0.1087;0.351
6.028645;-0.1053;0.1955;0.0403;0.226
6.038433;0.0052;0.1355;0.1184;0.180
6.048597;0.0167;0.1264;0.2744;0.303
6.061423;0.0113;0.0584;0.4208;0.425
6.069040;-0.0021;0.0657;0.4017;0.407
6.078053;-0.0433;0.0205;0.2663;0.271
6.088427;-0.1622;0.0384;0.2014;0.261
6.097908;-0.2702;0.0361;0.0094;0.273
6.111730;-0.2124;0.0503;-0.1129;0.246
6.117837;-0.0488;0.1228;-0.2156;0.253
6.131727;0.0058;0.1267;-0.2791;0.307
6.137609;0.0121;0.1706;-0.3723;0.410
6.148296;0.0282;0.2434;-0.4554;0.517
6.159596;0.0927;0.2205;-0.5002;0.554
6.167621;0.0780;0.2101;-0.4970;0.545
6.178945;0.0316;0.1599;-0.4839;0.511
6.187254;0.0155;0.1320;-0.5697;0.585
6.197369;0.0567;0.1227;-0.6455;0.660
6.208736;0.0987;0.0969;-0.6733;0.687
6.220687;0.1097;0.0236;-0.6233;0.633
6.228245;0.1508;0.0218;-0.6037;0.623
6.236789;0.1230;0.0316;-0.5847;0.598
6.247115;-0.0158;-0.0061;-0.6058;0.606
6.261996;-0.0059;-0.0334;-0.5484;0.549
6.266802;0.1394;-0.0292;-0.3939;0.419
6.277232;0.3075;-0.0248;-0.2686;0.409
6.286842;0.3860;-0.0590;-0.2515;0.464
6.296461;0.3586;-0.0558;-0.4494;0.578
6.308348;0.2895;-0.0036;-0.6180;0.682
6.316257;0.1527;0.0205;-0.7477;0.763
6.327380;-0.0369;0.0217;-0.6349;0.636
6.336709;-0.0781;0.0163;-0.2975;0.308
6.346011;-0.0228;-0.0032;0.0183;0.029
6.356537;-0.0454;-0.0627;0.2364;0.249
6.365827;-0.0755;-0.0667;0.2989;0.315
6.376304;-0.1038;0.0729;0.2648;0.294
6.386365;-0.1595;0.1292;0.2030;0.289
6.395804;-0.1458;0.1331;0.0248;0.199
6.412820;-0.1523;0.1545;-0.2017;0.296
6.415730;-0.1609;0.1165;-0.2713;0.336
6.426848;-0.0732;0.0996;-0.2238;0.256
6.436044;-0.0632;0.1041;-0.0592;0.135
6.445458;-0.1226;0.0612;0.1048;0.173
6.458063;-0.1906;0.0277;0.2396;0.307
6.465966;-0.2178;0.0413;0.2085;0.304
6.475070;-0.1445;0.0416;0.1591;0.219
6.485283;-0.1498;0.0099;0.0909;0.176
6.495560;-0.1153;0.0357;0.0232;0.123
6.504810;-0.0897;0.0512;-0.0245;0.106
6.514866;-0.0628;0.0965;-0.0136;0.116
6.526758;-0.0357;0.1424;-0.0420;0.153
6.535068;-0.0791;0.1501;-0.1102;0.202
6.545462;-0.1152;0.0999;-0.1788;0.235
6.554651;-0.1428;0.0419;-0.1108;0.186
6.564697;-0.1052;-0.0033;0.0147;0.106
6.585358;-0.0558;0.0601;0.1206;0.146
6.586061;-0.1048;0.0461;0.2261;0.253
6.595647;-0.2306;-0.0181;0.2635;0.351
6.605537;-0.2752;-0.0646;0.2623;0.386
6.614290;-0.2783;-0.0146;0.2030;0.345
6.625167;-0.2607;-0.0544;0.1737;0.318
6.634426;-0.1921;-0.1242;0.1153;0.256
6.644776;-0.1611;-0.0761;0.0470;0.184
6.654199;-0.1885;0.0411;0.0963;0.216
6.667174;-0.2672;-0.0577;0.0965;0.290
6.684127;-0.2496;-0.0494;0.1068;0.276
6.684794;-0.2019;-0.0507;0.0777;0.222
6.694036;-0.1813;-0.0821;0.0000;0.199
6.704543;-0.1209;-0.0447;-0.0385;0.135
6.713353;-0.1111;-0.0362;-0.0674;0.135
6.725978;-0.1422;-0.0566;-0.0672;0.167
6.733093;-0.0854;-0.0268;-0.0674;0.112
6.743335;-0.0878;-0.0647;0.0692;0.129
6.753267;-0.0881;-0.0434;0.1078;0.146
6.766026;-0.1847;-0.0227;0.1173;0.220
6.773644;-0.1738;-0.0035;0.0685;0.187
6.783784;-0.1044;-0.0251;0.0103;0.108
6.792818;-0.0642;-0.0364;-0.0282;0.079
6.803093;-0.0337;0.0015;-0.0082;0.035
6.813878;-0.0635;0.0008;0.0312;0.071
6.828562;-0.1731;-0.0190;0.0312;0.177
6.833492;-0.1657;0.0196;-0.0078;0.167
6.842763;-0.1294;0.0380;-0.1351;0.191
6.853145;-0.0270;0.0268;-0.2329;0.236
6.863042;0.0339;0.0271;-0.2137;0.218
6.874344;0.0436;0.0201;-0.1268;0.136
6.883089;0.0421;0.0151;0.0279;0.053
6.892107;0.1017;0.0883;0.0946;0.165
6.902184;0.1029;0.0822;0.0440;0.139
6.912140;0.1150;0.0644;0.0137;0.133
6.923390;0.0393;0.1148;0.0620;0.136
6.931757;-0.0355;0.1170;0.1003;0.158
6.942995;0.0548;0.1097;0.1089;0.164
6.953563;0.1831;0.0722;0.1767;0.265
6.961776;0.1672;0.1122;0.1762;0.268
6.981136;0.1049;0.1415;0.1369;0.223
6.981909;0.0053;0.1599;0.1667;0.231
6.991954;0.0244;0.2065;0.0498;0.214
7.001868;-0.0352;0.1743;0.0703;0.191
7.011535;-0.1241;0.1811;0.0517;0.226
7.024057;-0.1441;0.1786;-0.0356;0.232
7.030997;-0.1457;0.1181;-0.0057;0.188
7.041756;-0.1192;0.0769;-0.0247;0.144
7.051619;-0.1022;0.0458;-0.0536;0.124
7.061303;-0.1048;0.0339;-0.0432;0.118
7.071939;-0.0875;0.0607;-0.0522;0.119
7.080662;-0.0404;0.0687;-0.0222;0.083
7.091622;0.0455;0.1059;-0.0707;0.135
7.101522;0.1409;0.1631;-0.1094;0.242
7.110470;0.1473;0.1723;-0.0995;0.248
7.120791;0.0642;0.1931;-0.0706;0.215
7.131312;0.0287;0.2550;-0.0130;0.257
7.141021;-0.0865;0.2400;0.0930;0.272
7.150327;-0.0939;0.2256;0.1106;0.268
7.160127;-0.1589;0.2111;0.3343;0.426
7.170634;-0.1627;0.2154;0.3719;0.460
7.180983;-0.0858;0.2158;0.3914;0.455
7.190050;0.0125;0.1719;0.2361;0.292
7.200713;0.0551;0.1433;-0.0647;0.167
7.211130;0.0399;0.1434;-0.2574;0.297
7.220143;0.0063;0.1434;-0.3520;0.380
7.229683;-0.0375;0.1656;-0.4180;0.451
7.248414;-0.0838;0.1423;-0.4657;0.494
7.249433;-0.0647;0.1224;-0.3283;0.356
7.260124;-0.0671;0.1265;-0.0748;0.162
7.269453;-0.0497;0.1516;0.2272;0.278
7.279327;-0.0116;0.1365;0.3923;0.416
7.290615;0.0389;0.1658;0.3433;0.383
7.298976;0.0717;0.1608;0.1196;0.213
7.309206;0.0882;0.1111;-0.0727;0.159
7.319218;0.1448;0.1704;-0.2948;0.370
7.329241;0.1931;0.1996;-0.4087;0.494
7.339470;0.2770;0.1933;-0.4946;0.599
7.348617;0.2791;0.1815;-0.4644;0.571
7.359144;0.2300;0.1834;-0.3866;0.486
7.369732;0.1311;0.1292;-0.2804;0.335
7.378458;0.1311;0.1153;-0.1745;0.247
7.397593;0.2597;0.1712;-0.0788;0.321
7.398632;0.2719;0.1780;-0.0320;0.327
7.408310;0.2258;0.1339;0.0742;0.273
7.419488;0.2227;0.1293;0.0040;0.258
7.428248;0.3566;0.1423;-0.1733;0.421
7.440870;0.4207;0.1368;-0.2040;0.487
7.447916;0.4036;0.2017;-0.1570;0.478
7.458765;0.2868;0.2118;-0.1016;0.371
7.468322;0.1976;0.2439;0.1000;0.329
7.477738;0.1784;0.2276;0.1643;0.333
7.487997;0.2991;0.2612;0.2381;0.463
7.498760;0.2752;0.2336;0.3129;0.478
7.508828;0.2720;0.2435;0.2706;0.454
7.517728;0.0735;0.2119;0.3958;0.455
7.530789;-0.0448;0.1778;0.3553;0.400
7.542356;-0.0057;0.1598;0.3355;0.372
7.547457;0.0537;0.1769;0.1406;0.232
7.557996;0.0533;0.2505;0.0445;0.260
7.567428;0.0336;0.3417;-0.1292;0.367
7.578319;0.0025;0.3437;-0.0772;0.352
7.588648;-0.0510;0.3576;0.0033;0.361
7.596910;0.0127;0.4101;0.0547;0.414
7.606782;0.0945;0.3336;-0.1190;0.367
7.617188;0.0262;0.2557;-0.1453;0.295
7.627122;-0.1008;0.1869;-0.1517;0.261
7.643165;-0.0476;0.1363;-0.2948;0.328
7.648122;-0.0135;0.1154;-0.4379;0.453
7.661026;0.2046;0.2019;-0.5417;0.613
7.667283;0.0489;0.1926;-0.5581;0.592
7.676299;-0.0191;0.1058;-0.6532;0.662
7.688917;-0.0883;-0.0840;-0.6912;0.702
7.696085;-0.2266;-0.1603;-0.5155;0.585
7.706933;-0.2641;-0.1524;-0.6064;0.679
7.716930;-0.1301;-0.0403;-0.6600;0.674
7.725962;-0.2022;0.0426;-0.6155;0.649
7.740407;-0.2257;0.1504;-0.6022;0.660
7.745867;-0.2809;0.1115;-0.7363;0.796
7.757104;-0.4326;-0.0994;-1.1266;1.211
7.766794;-0.4374;0.0299;-1.1007;1.185
7.775971;-0.0989;0.1301;-0.9183;0.933
7.785416;-0.0455;-0.1893;-0.5143;0.550
7.795212;0.1298;-0.3275;-0.2392;0.426
7.812496;0.2810;-0.2916;0.0633;0.410
7.816316;0.3542;-0.2550;0.2612;0.509
7.825119;0.3704;-0.2796;0.4043;0.615
7.835859;0.4343;-0.2931;0.4198;0.671
7.846425;0.4399;-0.3497;0.2829;0.629
7.855312;0.3317;-0.3946;0.1555;0.538
7.864990;0.3269;-0.3910;0.1490;0.531
7.875621;0.3816;-0.3975;0.3485;0.652
7.884812;0.5195;-0.3446;0.3644;0.722
7.896102;0.5063;-0.3239;0.2930;0.669
7.904819;0.4747;-0.3479;0.2918;0.657
7.915091;0.5206;-0.3561;0.1837;0.657
7.924844;0.4966;-0.4153;0.0859;0.653
7.934409;0.4511;-0.4553;-0.0019;0.641
7.945921;0.4070;-0.4150;-0.0020;0.581
7.957887;0.3631;-0.3726;-0.0223;0.521
7.964580;0.3800;-0.3838;0.0737;0.545
7.975164;0.4805;-0.3433;0.2768;0.652
7.984887;0.5073;-0.3204;0.4889;0.774
7.994000;0.5019;-0.3657;0.6127;0.872
8.004744;0.6355;-0.3261;0.4628;0.851
8.013826;0.7411;-0.2786;0.2938;0.844
8.024544;0.8103;-0.2261;0.1360;0.852
8.033563;0.7357;-0.1753;-0.1486;0.771
8.043674;0.6338;-0.0945;-0.2667;0.694
8.055326;0.4938;-0.0869;-0.1802;0.533
8.064486;0.3927;-0.1129;0.1206;0.426
8.073810;0.3799;-0.1044;0.5476;0.675
8.084681;0.4747;-0.0472;0.8865;1.007
8.096435;0.5299;-0.0107;0.9414;1.080
8.105604;0.5515;-0.0299;0.8800;1.039
8.113565;0.4250;-0.0749;0.7614;0.875
8.127322;0.3021;-0.1546;0.5853;0.677
8.133621;0.3031;-0.2067;0.4296;0.565
8.143145;0.4043;-0.2382;0.3719;0.599
8.155770;0.3932;-0.4049;0.3236;0.651
8.162952;0.4556;-0.3639;0.2551;0.636
8.172685;0.4883;-0.3106;0.4018;0.705
8.183081;0.4888;-0.4350;0.4603;0.800
8.192591;0.4678;-0.4252;0.3921;0.744
8.205840;0.4496;-0.3693;0.4032;0.708
8.213155;0.5003;-0.3462;0.2289;0.650
8.225174;0.5516;-0.3367;-0.1013;0.654
8.233065;0.5124;-0.3871;-0.4020;0.758
8.242048;0.5227;-0.3008;-0.5847;0.840
8.254949;0.5328;-0.2907;-0.5425;0.814
8.262115;0.5403;-0.3431;-0.3353;0.723
8.271858;0.6069;-0.2352;-0.2074;0.683
8.282919;0.4478;-0.1051;-0.0507;0.463
8.292580;0.1500;-0.0140;0.0371;0.155
8.302644;-0.1482;0.0061;-0.0901;0.174
8.311893;-0.1824;0.0523;-0.0106;0.190
8.324245;-0.0334;0.2029;-0.1069;0.232
8.331875;0.2401;0.3473;-0.1822;0.460
8.341332;0.4146;0.4130;-0.3457;0.680
8.357169;0.3642;0.3200;-0.7441;0.888
8.361094;0.3021;0.2499;-0.8885;0.971
8.378519;0.2182;0.2736;-0.8088;0.881
8.381015;0.1760;0.2557;-0.7016;0.767
8.390890;0.0980;0.2741;-0.5959;0.663
8.400999;0.0056;0.3666;-0.3835;0.531
8.411872;-0.0119;0.3472;-0.0349;0.349
8.421260;-0.0897;0.2044;0.1483;0.268
8.431241;-0.0524;0.0688;0.2439;0.259
8.441107;0.1192;0.1197;0.2511;0.303
8.453161;0.2849;0.1679;0.2586;0.420
8.460334;0.4755;0.0172;0.2174;0.523
8.471070;0.6833;0.0134;0.0977;0.690
8.480520;0.3275;0.4204;0.0767;0.538
8.490845;-0.0641;0.4550;0.1441;0.482
8.500841;-0.1416;0.3219;0.1529;0.383
8.513171;0.0555;0.3250;0.1424;0.359
8.522983;0.2018;0.2983;0.2887;0.462
8.530850;0.3375;0.2316;0.3764;0.556
8.540663;0.3272;0.0741;0.4550;0.565
8.550021;0.3270;-0.0583;0.4562;0.564
8.559827;0.3095;-0.1439;0.3307;0.475
8.570493;0.2861;-0.1951;0.2360;0.419
8.579452;0.3311;-0.2842;0.1704;0.468
8.589474;0.3562;-0.3740;0.2128;0.559
8.600318;0.3629;-0.3753;0.2553;0.581
8.610062;0.3701;-0.3552;0.1993;0.550
8.624472;0.2482;-0.3243;0.1920;0.451
8.629402;0.2823;-0.2263;0.1262;0.383
8.645222;0.3124;-0.1953;0.1382;0.393
8.649049;0.3979;-0.2413;0.1692;0.495
8.659441;0.4596;-0.3180;0.1415;0.577
8.671426;0.5585;-0.4427;0.0937;0.719
8.678621;0.7506;-0.5499;-0.0028;0.930
8.689423;0.8962;-0.6399;-0.0010;1.101
8.699291;1.0531;-0.7086;-0.1271;1.276
8.708674;1.3172;-0.6013;-0.4393;1.513
8.718705;1.5248;-0.3727;-0.3894;1.617
8.728536;1.4725;-0.3344;-0.1349;1.516
8.738443;1.4174;-0.3322;-0.0476;1.457
8.748931;1.2765;-0.2320;-0.0385;1.298
8.760899;1.1525;-0.1337;-0.1075;1.165
8.772974;1.1047;-0.1253;-0.1468;1.121
8.779310;1.0549;-0.1663;-0.2744;1.103
8.795087;0.9512;-0.2755;-0.3630;1.055
8.803113;0.9074;-0.3441;-0.3931;1.047
8.807970;0.8613;-0.3014;-0.2379;0.943
8.819870;0.7322;-0.2847;0.0244;0.786
8.827616;0.5363;-0.1474;0.2960;0.630
8.838957;0.3634;-0.0320;0.3330;0.494
8.848671;0.1934;0.0484;0.2931;0.354
8.857530;0.0958;0.1136;0.0390;0.154
8.868972;0.0577;0.2250;-0.1357;0.269
8.877405;0.0102;0.3252;-0.1826;0.373
8.887862;-0.1153;0.4094;-0.2991;0.520
8.900240;-0.2408;0.4960;-0.3869;0.674
8.907919;-0.2799;0.5959;-0.3874;0.764
8.927691;-0.2423;0.6821;-0.3110;0.788
8.929104;-0.2457;0.7438;-0.1772;0.803
8.941522;-0.2597;0.7247;0.0035;0.770
8.948234;-0.2442;0.6961;0.1451;0.752
8.957018;-0.2597;0.6703;0.3645;0.806
8.970169;-0.2768;0.6804;0.5527;0.919
8.976624;-0.3217;0.7135;0.6937;1.046
8.986704;-0.3962;0.7286;0.7461;1.116
8.996491;-0.4978;0.6953;0.7323;1.126
9.007200;-0.5284;0.6788;0.6408;1.073
9.016247;-0.4383;0.7629;0.5218;1.023
9.026244;-0.3067;0.7931;0.3551;0.922
9.036268;-0.1739;0.7891;0.2288;0.840
9.045929;-0.0689;0.8003;0.1134;0.811
9.057102;-0.0096;0.8062;-0.0200;0.807
9.069991;0.0018;0.8115;-0.3200;0.872
9.076107;-0.1370;0.7527;-0.5399;0.936
9.087215;-0.3642;0.6870;-0.6035;0.984
9.095732;-0.4741;0.6342;-0.5698;0.976
9.106905;-0.5357;0.6141;-0.3801;0.899
9.115702;-0.6335;0.5691;-0.1525;0.865
9.125488;-0.7246;0.4660;-0.0430;0.863
9.138655;-0.6412;0.4389;0.0473;0.778
9.148015;-0.5287;0.4096;-0.1558;0.687
9.158205;-0.4252;0.3298;-0.2801;0.607
9.166240;-0.4214;0.2886;-0.3945;0.645
9.175152;-0.3435;0.3398;-0.4121;0.635
9.188091;-0.4469;0.2264;-0.5287;0.728
9.194885;-0.3777;0.0584;-0.7151;0.811
9.210778;-0.2901;0.1306;-0.4915;0.585
9.216947;-0.3741;0.2492;-0.1327;0.469
9.224898;-0.4425;0.2054;0.1954;0.526
9.235778;-0.4845;0.2177;0.3776;0.652
9.245383;-0.3945;0.2736;0.4340;0.647
9.254517;-0.3561;0.2153;0.2667;0.494
9.264885;-0.1696;0.1503;0.3758;0.439
9.275362;0.0134;0.2680;0.4665;0.538
9.284659;0.3103;0.2911;0.3629;0.559
9.294220;0.3551;0.1416;0.2120;0.437
9.304140;0.0047;0.2222;-0.1235;0.254
9.314241;-0.0608;0.2281;-0.3588;0.429
9.324716;0.0249;0.3246;-0.6826;0.756
9.337625;0.2839;0.0390;-0.8496;0.897
9.343957;-0.6041;-0.0180;-0.8515;1.044
9.358001;-0.4341;0.4939;-0.7656;1.009
9.363826;-0.6918;0.5390;-0.9748;1.311
9.374676;-1.0523;0.4496;-1.1845;1.647
9.386945;-1.2617;0.3246;-1.4048;1.916
9.393575;-1.1360;0.3333;-1.4306;1.857
9.404938;-0.9828;0.4599;-1.0966;1.543
9.414644;-0.9762;0.4755;-0.8038;1.351
9.423556;-0.8267;0.4472;-0.7377;1.195
9.433095;-0.6394;0.3579;-0.9456;1.196
9.443085;-0.3345;0.3402;-1.0073;1.115
9.454214;-0.0294;0.1094;-0.9912;0.998
9.463561;1.0469;-0.4895;-1.1231;1.612
9.472764;1.1958;-0.0542;-0.7069;1.390
9.486134;0.3269;0.0724;-0.3920;0.516
9.492730;-0.3019;-0.0788;-0.3018;0.434
9.502810;-0.4523;0.1856;-0.1537;0.512
9.512718;-0.3248;0.4371;0.0341;0.546
9.522651;-0.0966;0.4685;0.1738;0.509
9.536949;-0.0211;0.3906;0.3823;0.547
9.542319;-0.0070;0.3730;0.5928;0.700
9.552933;-0.0392;0.4249;0.8818;0.980
9.563113;-0.0981;0.1454;0.9474;0.963
9.572299;0.1121;0.1339;1.1132;1.127
9.585001;0.2384;0.2431;1.1240;1.174
9.592129;0.2663;0.2971;0.9403;1.021
9.602347;0.3753;0.2746;0.6902;0.832
9.612031;0.5566;0.2506;0.4302;0.747
9.621693;0.7673;0.1643;0.2987;0.840
9.631911;0.9683;0.1644;0.4324;1.073
9.642790;1.0623;0.1390;0.4403;1.158
9.652725;1.1710;0.1323;0.0559;1.180
9.661706;1.1573;0.1237;-0.3550;1.217
9.671354;1.0264;-0.0062;-0.7782;1.288
9.681098;0.7096;0.0121;-0.9180;1.160
9.691229;0.3175;0.0285;-0.8840;0.940
9.701385;0.0417;0.2100;-0.7247;0.756
9.711467;-0.2133;0.2109;-0.7141;0.775
9.721754;-0.3986;0.1574;-0.5770;0.719
9.731235;-0.4390;-0.1488;-0.4898;0.674
9.741123;-0.3045;-0.2191;-0.2564;0.454
9.755309;-0.2684;-0.3292;-0.1012;0.437
9.761739;-0.5968;-0.4731;-0.1023;0.768
9.776484;-0.8306;-0.3414;-0.1996;0.920
9.780948;-0.5540;0.4621;0.0676;0.725
9.790854;-0.1242;0.9623;0.0137;0.970
9.804366;0.2466;0.7622;-0.4719;0.930
9.810713;0.4227;0.2074;-0.8731;0.992
9.820331;0.4591;-0.0853;-0.7101;0.850
9.830176;0.5894;-0.3551;-0.7665;1.030
9.840762;1.0051;-0.7355;-0.8738;1.521
9.850291;0.4464;-0.2552;-0.3164;0.604
9.859897;0.2105;0.1577;0.2630;0.372
9.870011;0.2288;0.4431;-0.0199;0.499
9.881059;0.2712;0.4162;-0.5844;0.767
9.889694;0.1612;0.1892;-0.8339;0.870
9.903465;0.1632;0.0375;-0.8986;0.914
9.910277;0.1984;0.0424;-0.9927;1.013
9.919503;0.2215;0.1542;-0.8636;0.905
9.931283;0.2057;0.0147;-0.5612;0.598
9.939678;0.2640;-0.1957;0.0187;0.329
9.952217;0.4378;-0.1265;0.3995;0.606
9.959893;0.5482;0.0237;0.5177;0.754
9.969481;0.6132;0.0849;0.4427;0.761
9.980416;0.6644;0.0908;0.0853;0.676
9.989330;0.7289;0.0611;-0.2505;0.773
9.999991;0.7993;0.0553;-0.5461;0.970
10.009062;0.7917;0.0701;-0.7534;1.095
10.021052;0.7422;0.0881;-0.8341;1.120
10.029596;0.6316;-0.0379;-0.7894;1.012
10.039505;0.5388;-0.0601;-0.6774;0.868
10.054216;0.4382;-0.1827;-0.4782;0.674
10.058777;0.4451;-0.1626;-0.0347;0.475
10.076609;0.6047;0.0013;0.3702;0.709
10.079799;0.5816;0.2078;0.5693;0.840
10.088484;0.5013;0.3502;0.5345;0.812
10.104014;0.3483;0.3329;0.3149;0.576
10.108321;0.1276;0.3031;0.0971;0.343
10.120824;-0.0015;0.1586;-0.0618;0.170
10.128553;0.0821;0.0168;-0.1716;0.191
10.138467;0.1749;-0.0702;-0.1941;0.271
10.149238;0.3200;-0.0386;-0.1486;0.355
10.157767;0.3897;0.0051;-0.2104;0.443
10.170974;0.3221;0.0174;-0.3421;0.470
10.178398;0.3392;0.0601;-0.4645;0.578
10.194379;0.4147;0.1168;-0.7737;0.886
10.200578;0.4698;0.1029;-0.9257;1.043
10.207488;0.4363;0.0627;-0.9800;1.075
10.219294;0.4670;0.0254;-0.8390;0.961
10.227429;0.4625;0.0088;-0.7967;0.921
10.241401;0.1030;-0.1297;-0.6263;0.648
10.247767;-0.1365;-0.1705;-0.5942;0.633
10.257058;-0.1337;-0.1099;-0.6875;0.709
10.266927;-0.0073;0.0457;-0.5554;0.557
10.279011;0.0553;0.2375;-0.4232;0.488
10.286910;0.0393;0.3994;-0.3877;0.558
10.297290;0.7364;0.5438;-0.5780;1.083
10.306846;1.0108;0.3505;-1.3169;1.697
10.326315;1.1113;0.2456;-1.2622;1.700
10.327231;0.7848;0.3318;-1.0809;1.376
10.338432;0.2945;0.2727;-0.9981;1.076
10.346919;-0.1007;0.1354;-1.0025;1.017
10.357461;-0.1803;0.0028;-0.8203;0.840
10.366953;-0.0959;-0.0234;-0.3241;0.339
10.376278;0.0381;0.1268;0.2595;0.291
10.386072;-0.0431;0.2551;0.6680;0.716
10.396319;-0.1594;0.2510;0.8808;0.930
10.406569;0.0275;0.2680;0.8595;0.901
10.416123;-0.0581;0.3108;1.2016;1.243
10.425915;-0.2688;0.4802;1.5738;1.667
10.436561;-0.5299;0.6433;2.1329;2.290
10.445826;-0.5177;0.9609;2.8690;3.070
10.455641;-0.3415;1.3038;3.6054;3.849
10.477416;-0.2992;1.5796;4.1856;4.484
10.478896;-0.2489;1.8364;4.8541;5.196
10.486464;-0.0495;2.3172;5.3171;5.800
10.496385;-0.2364;2.9685;6.1819;6.862
10.505457;0.3540;3.7511;8.6137;9.402
10.518524;0.6862;4.4870;10.8675;11.777
10.525043;0.6673;5.4892;13.8461;14.909
10.535864;-0.1144;6.0666;16.4903;17.571
10.545382;-1.0348;6.3566;19.2528;20.301
10.555882;-1.6260;6.4987;22.3475;23.330
10.565243;-1.9619;6.7566;26.6099;27.524
10.574850;-2.3919;6.8353;30.8631;31.701
10.584716;-3.1203;7.1649;34.7270;35.595
10.595534;-3.8149;7.4283;38.0178;38.924
10.604527;-5.0504;6.7417;40.3340;41.204
10.622708;-7.4555;5.0632;40.4404;41.432
10.624613;-10.8841;2.1714;38.2414;39.819
10.636270;-13.6174;-2.5066;34.8476;37.498
10.644217;-17.1804;-12.7872;27.5795;34.919
10.654085;-15.4294;-18.2224;22.8329;33.037
10.667192;-10.7015;-20.3595;17.4410;28.866
10.674682;-11.4255;-17.2903;8.3922;22.359
10.685121;-6.9268;-10.4227;-6.0951;13.920
10.694181;-0.3276;-4.3992;-10.1448;11.062
10.704527;-0.5122;-4.4673;-10.0006;10.965
10.722993;-0.8023;-4.6921;-9.7461;10.846
10.724217;-1.0891;-4.8963;-9.4711;10.717
10.735323;-1.4001;-5.0896;-9.2257;10.629
10.743872;-1.6759;-5.2620;-8.9716;10.535
10.754468;-1.9826;-5.4174;-8.7524;10.483
10.763623;-2.2367;-5.5512;-8.5608;10.445
10.773421;-2.5273;-5.7088;-8.3301;10.410
10.783413;-2.7947;-5.8111;-8.1128;10.363
10.793573;-3.0204;-5.9111;-7.9111;10.327
10.803174;-3.2737;-5.9994;-7.6901;10.288
10.813147;-3.5102;-6.1046;-7.4979;10.286
10.823392;-3.7528;-6.1640;-7.2384;10.221
10.833621;-3.9756;-6.2243;-7.0176;10.188
10.843761;-4.2114;-6.2635;-6.8079;10.164
10.853157;-4.4214;-6.3014;-6.6295;10.159
10.863308;-4.5757;-6.3372;-6.4612;10.141
10.873292;-4.7741;-6.3549;-6.2683;10.123
10.885390;-4.9764;-6.3609;-6.0523;10.092
10.892716;-5.1446;-6.3479;-5.8748;10.064
10.904489;-5.3534;-6.3401;-5.6807;10.056
10.917605;-5.4988;-6.3235;-5.5092;10.029
10.923582;-5.6845;-6.2717;-5.3311;10.003
10.934620;-5.8149;-6.2358;-5.2028;9.988
10.942159;-5.9425;-6.1693;-5.0661;9.952
10.952539;-6.0938;-6.1029;-4.9486;9.943
10.962846;-6.2391;-6.0269;-4.8216;9.925
10.972067;-6.3586;-5.9319;-4.7249;9.897
10.986565;-6.4851;-5.8173;-4.6112;9.857
10.992860;-6.6116;-5.7140;-4.5175;9.837
11.005249;-6.7099;-5.6149;-4.4710;9.825
11.012941;-6.8447;-5.4830;-4.4055;9.814
11.021497;-6.9016;-5.3604;-4.3806;9.775
11.033947;-7.0114;-5.2027;-4.3420;9.751
11.041336;-7.0750;-5.0676;-4.3297;9.720
11.051298;-7.1502;-4.9112;-4.3283;9.694
11.061668;-7.2272;-4.7487;-4.3398;9.676
11.072676;-7.2925;-4.5540;-4.3667;9.643
11.082071;-7.3263;-4.3979;-4.3906;9.607
11.090981;-7.3571;-4.2193;-4.4505;9.578
11.101425;-7.3917;-4.0179;-4.5195;9.550
11.111240;-7.4188;-3.8591;-4.5870;9.538
11.120901;-7.4207;-3.6194;-4.6828;9.492
11.135357;-7.4085;-3.4641;-4.7716;9.469
11.141004;-7.4145;-3.2369;-4.8830;9.450
11.154754;-7.3689;-3.0368;-5.0140;9.416
11.160421;-7.3238;-2.8347;-5.1125;9.371
11.170528;-7.2683;-2.5995;-5.2481;9.334
11.184689;-7.2184;-2.4137;-5.3735;9.317
11.192067;-7.1145;-2.1450;-5.5443;9.271
11.200949;-7.0564;-1.9878;-5.6675;9.266
11.210602;-6.9372;-1.7377;-5.8380;9.232
11.220566;-6.8238;-1.5390;-5.9890;9.209
11.232815;-6.6795;-1.2983;-6.1422;9.167
11.240074;-6.5466;-1.0900;-6.2916;9.145
11.250109;-6.3657;-0.8600;-6.4524;9.105
11.260690;-6.1922;-0.6531;-6.5868;9.064
11.269912;-5.9936;-0.4362;-6.7513;9.038
11.289227;-5.7255;-0.2006;-6.9150;8.980
11.290337;-5.5144;0.0017;-7.0384;8.941
11.302172;-5.2565;0.2419;-7.2360;8.947
11.310723;-4.9666;0.4390;-7.4100;8.931
11.319627;-4.7185;0.6236;-7.5214;8.901
11.330614;-4.3560;0.8531;-7.7190;8.904
11.339454;-4.0371;1.0394;-7.8313;8.872
11.349009;-3.7036;1.2407;-7.9921;8.895
11.359113;-3.3661;1.4279;-8.1217;8.907
11.368943;-3.0523;1.6034;-8.2068;8.902
11.380953;-2.6914;1.7822;-8.2914;8.898
11.389637;-2.2811;1.9911;-8.3901;8.920
11.398798;-1.9387;2.1229;-8.4256;8.903
11.408462;-1.5495;2.2846;-8.4832;8.921
11.419372;-1.1439;2.4496;-8.5043;8.924
11.428919;-0.7329;2.5982;-8.5080;8.926
11.438445;-0.3278;2.7393;-8.5139;8.950
11.449876;0.1118;2.8845;-8.4814;8.959
11.460449;0.5300;3.0185;-8.4701;9.007
11.468873;0.9173;3.1149;-8.4414;9.044
11.478142;1.2799;3.2231;-8.3725;9.062
11.487942;1.7008;3.3219;-8.2846;9.086
11.497801;2.0636;3.4047;-8.2458;9.157
11.507728;2.4297;3.4776;-8.1552;9.193
11.517863;2.8061;3.5411;-8.0612;9.241
11.527935;3.1621;3.5957;-8.0140;9.336
11.539092;3.5788;3.6394;-7.7902;9.313
11.551233;3.8849;3.6707;-7.6284;9.314
11.558907;4.2223;3.6965;-7.3768;9.269
11.571396;4.4942;3.7013;-7.2146;9.271
11.577939;4.8072;3.6975;-6.9966;9.259
11.587655;-55.8237;-66.4652;4.4462;86.912
11.600087;74.3238;-9.1014;60.9683;96.561
11.607043;-4.9821;-0.4622;-14.3554;15.202
11.617128;-2.8693;17.2695;-6.0122;18.510
11.627810;-0.9663;14.7896;-1.4334;14.890
11.636836;0.1592;3.9638;-11.3216;11.996
11.647547;5.2623;-7.8292;31.7883;33.158
11.656869;-3.0901;-10.4341;18.1227;21.139
11.667805;-0.0519;-0.8288;-2.0279;2.191
11.677520;3.2703;-1.8049;11.6606;12.244
11.686597;2.2830;-0.1726;5.0855;5.577
11.703836;2.1545;-3.1326;5.9478;7.059
11.707272;-0.2306;-2.9810;14.6362;14.938
11.717483;-2.4752;-2.1950;11.4892;11.956
11.726666;-2.4209;-1.0183;8.5627;8.956
11.736117;-0.2742;-0.6433;9.4501;9.476
11.747670;1.0114;-0.8387;7.1080;7.228
11.756054;2.0828;0.1218;5.7092;6.078
11.765967;1.8891;0.1074;4.7231;5.088
11.777468;1.3947;0.0126;4.1669;4.394
11.786623;1.3554;0.0297;3.4844;3.739
11.796464;1.8996;0.6364;2.6855;3.350
11.805854;2.1868;0.6239;2.0053;3.032
11.816022;2.4463;0.6281;1.5810;2.980
11.825425;3.1750;0.7340;1.3054;3.510
11.835550;2.4052;0.2532;0.9632;2.603
11.852753;1.2163;0.0682;0.7503;1.431
11.855230;1.8458;0.4955;1.2826;2.302
11.872685;2.0115;0.4543;1.2762;2.425
11.875139;1.5749;0.1140;1.5057;2.182
11.886698;1.6800;0.1844;1.7283;2.417
11.895698;1.5890;0.3814;1.4796;2.204
11.904797;1.4651;0.5740;1.2342;2.000
11.917727;1.6625;0.7104;1.1011;2.117
11.925184;1.8605;0.8611;1.0705;2.313
11.935159;2.0833;1.0326;0.8062;2.461
11.946310;2.3090;1.0894;0.5700;2.616
11.954408;2.4395;1.2413;0.5465;2.791
11.966533;2.4840;1.3617;0.6197;2.900
11.974442;2.5519;1.3175;0.7595;2.971
11.984420;2.6106;1.4116;0.7623;3.064
11.994469;2.6319;1.2304;0.4614;2.942
12.006641;2.6330;1.0310;0.3677;2.851
12.017441;2.7235;1.1224;0.2166;2.954
12.024902;2.8598;0.9240;0.0855;3.007
12.033939;2.9450;0.6189;-0.3094;3.025
12.043970;3.1012;0.5806;-0.6662;3.225
12.053589;3.0814;0.7428;-0.3465;3.189
12.063705;3.0404;0.8251;-0.3492;3.170
12.073559;2.9253;0.7403;-0.4503;3.051
12.083698;2.8547;0.6950;-0.5602;2.991
12.094171;2.8347;0.5748;-0.8078;3.003
12.104301;2.7439;0.6386;-0.9687;2.979
12.116541;2.7082;0.7634;-0.7976;2.925
12.123890;1.8815;0.5783;-1.2350;2.324
12.134709;1.2869;0.5598;-0.9530;1.696
12.143139;0.7230;0.2852;-0.6298;1.000
12.153067;0.8738;0.9291;-0.4858;1.365
12.165851;0.1593;0.4053;-0.4560;0.631
12.173006;-0.0514;0.5299;-0.3380;0.631
12.185841;-0.1355;0.4585;-0.3973;0.622
12.192795;0.3323;-0.3913;-0.6819;0.854
12.202730;0.4849;-0.3562;-0.8284;1.024
12.213338;-0.5373;0.1549;-0.4551;0.721
12.223338;-0.7742;0.9740;0.9475;1.564
12.234365;-0.9074;1.2928;0.7799;1.762
12.243297;-4.8879;0.4411;-0.9402;4.997
12.252817;-0.7757;0.3699;0.2916;0.908
12.269743;1.1955;-0.3070;0.4660;1.319
12.272323;-0.0035;-0.4352;0.2100;0.483
12.282288;-0.3920;-0.0377;0.7793;0.873
12.292157;-0.2766;-0.6427;0.6048;0.925
12.302102;0.3031;-0.8957;-0.0381;0.946
12.312787;0.2249;-1.2996;-0.5716;1.437
12.321811;0.1662;-1.2555;-0.9863;1.605
12.332003;0.3618;-1.1007;-0.9888;1.523
12.342627;0.9312;-0.8159;-0.9522;1.562
12.351611;0.8307;-0.7873;-0.5157;1.255
12.365758;0.6073;-1.0248;-0.3250;1.235
12.371342;0.1254;-0.7520;0.3343;0.832
12.381495;0.2526;-0.0207;0.7287;0.772
12.391216;0.7999;0.1983;0.3983;0.915
12.401174;0.9439;-0.1527;0.2456;0.987
12.421741;0.5904;-0.4724;0.3270;0.824
12.422463;0.8273;-0.3275;0.4542;0.999
12.431758;1.3306;-0.0502;0.4905;1.419
12.441868;1.3314;-0.0277;0.8377;1.573
12.450971;1.1085;-0.5301;0.5960;1.366
12.465315;1.3249;-1.0127;0.1783;1.677
12.470949;1.3973;-1.0180;0.1518;1.735
12.483609;1.3916;-0.8159;0.1178;1.617
12.492982;1.2251;-0.7174;0.1626;1.429
12.501163;1.1687;-0.8407;0.1503;1.447
12.511455;1.0143;-0.8242;0.0313;1.307
12.520215;0.8625;-0.6180;-0.0578;1.063
12.530158;0.5844;-0.8149;-0.5392;1.139
12.540696;0.3917;-1.0305;-0.9135;1.432
12.549937;0.1335;-0.3700;-0.7398;0.838
12.560392;-0.0699;0.1245;-0.4593;0.481
12.570089;-0.1405;0.0400;0.0661;0.160
12.581811;-0.0065;-0.6751;0.2204;0.710
12.589634;0.2225;-1.0680;-0.3198;1.137
12.600151;0.0597;-1.1325;-0.5858;1.276
12.610069;-0.1947;-1.0791;-0.8805;1.406
12.619721;-0.3501;-0.7755;-0.8317;1.190
12.629533;-0.4909;-0.6122;-0.8124;1.129
12.641226;-0.5758;-0.5800;-1.1172;1.384
12.649754;-0.6833;-0.5280;-1.0694;1.375
12.666993;-0.6969;-0.4234;-0.7474;1.106
12.669309;-0.7718;-0.2947;-0.6894;1.076
12.684894;-0.8762;-0.0415;-0.2876;0.923
12.689192;-1.0091;0.1743;-0.1110;1.030
12.699012;-1.0777;0.1751;-0.2481;1.120
12.709495;-0.9379;0.0921;-0.2770;0.982
12.718994;-0.7267;0.0492;-0.6390;0.969
12.729767;-0.3570;0.3219;-0.5081;0.699
12.739509;0.5957;0.6305;0.9986;1.323
12.749123;-0.1984;0.2967;2.4175;2.444
12.758779;0.2303;0.3864;3.8232;3.850
12.769016;-1.6974;-1.1712;2.5095;3.248
12.782596;-1.9334;-1.9004;1.0124;2.894
12.788478;-1.1644;-1.7722;0.1262;2.124
12.798672;-0.5266;-1.3870;0.1190;1.488
12.808626;-0.5667;-1.1194;0.7407;1.457
12.819443;-1.2175;-1.0121;0.6742;1.721
12.837957;-1.5033;-0.9215;-0.5981;1.862
12.839053;-1.1659;-0.6497;-3.7955;4.023
12.849443;-0.0641;0.2717;-5.4485;5.456
12.858936;0.2461;1.1553;-4.5190;4.671
12.885430;-0.8651;0.9953;-3.1636;3.427
12.891143;-1.8393;0.1460;-2.1017;2.797
12.891915;-1.9537;-0.6448;-1.4399;2.511
12.902701;-1.0787;-0.8015;-2.1791;2.560
12.911568;-0.7876;-0.1124;-2.3318;2.464
12.919912;-0.4721;0.8887;-1.9506;2.195
12.928637;-0.5012;1.4719;-1.3848;2.082
12.937305;-0.2606;1.9559;-0.7701;2.118
12.947925;-0.0365;2.1966;-0.2511;2.211
12.958593;0.2154;2.1495;0.5012;2.218
12.969861;0.1389;1.9943;1.7814;2.678
12.979889;-0.0156;1.9778;2.6778;3.329
12.986797;3.1227;2.5043;6.5857;7.707
12.997374;4.2819;2.6042;11.8385;12.856
13.007536;-3.5196;0.4114;2.9235;4.594
13.016567;-2.5882;0.9380;1.8574;3.321
13.027476;1.0828;0.4669;1.0549;1.582
13.036617;1.3679;0.3669;0.0549;1.417
13.046470;-0.2372;0.4395;-0.7070;0.866
13.057140;-0.8942;-0.3160;-0.9758;1.361
13.066571;-0.1997;-1.3755;-1.4867;2.035
13.080958;1.4735;-0.1162;-1.1019;1.844
13.086471;1.5097;0.9096;0.1089;1.766
13.097109;2.8449;2.3254;0.7050;3.741
13.106556;3.8464;3.0603;0.2045;4.920
13.115990;2.2043;2.2585;-0.3434;3.175
13.128872;-2.4998;-0.5593;0.0138;2.562
13.136667;-7.0317;-5.7252;1.0566;9.129
13.145687;-5.0535;-4.9419;1.2922;7.185
13.155603;0.4972;-2.2242;2.5627;3.430
13.166128;1.6773;-0.6953;3.6244;4.054
13.176293;-0.7302;-0.7529;2.6032;2.807
13.185165;0.0051;-0.2815;1.4542;1.481
13.195464;1.4388;0.5327;0.5740;1.638
13.205395;0.4175;0.9268;-0.0230;1.017
13.216022;0.1188;1.5460;-0.2417;1.569
13.225227;3.1905;3.1955;-0.3992;4.533
13.235808;3.0879;2.7326;1.3341;4.334
13.247349;-0.7020;0.2646;-1.2570;1.464
13.254868;1.0921;-0.6179;-3.8570;4.056
13.264722;0.9823;-1.2792;-2.2300;2.752
13.277917;-0.7003;-0.5680;-2.9430;3.078
13.284512;0.2263;0.6501;-1.5978;1.740
13.297380;0.3528;0.3722;0.5074;0.721
13.304793;-0.1684;-0.5220;0.9366;1.085
13.314362;-0.0192;-1.2948;-0.0045;1.295
13.324227;0.1254;-1.2946;-0.9426;1.606
13.334220;0.2799;-0.9863;-1.0269;1.451
13.347024;0.7025;-0.4400;-0.9576;1.267
13.354023;0.3207;-0.0012;-0.7546;0.820
13.364502;-0.2926;0.4840;-0.9468;1.103
13.374958;-0.9412;0.7341;-1.7180;2.092
13.384037;-0.9185;0.7045;-2.0997;2.398
13.401865;-0.3227;0.5747;-0.7212;0.977
13.403845;-0.5482;0.0047;1.0186;1.157
13.413906;-0.5653;-0.5535;0.6516;1.025
13.423597;0.0574;-0.2157;0.5233;0.569
13.433532;-0.0987;0.0405;0.0638;0.124
13.446265;-0.4777;-0.0496;-0.2369;0.536
13.454296;-0.4497;-0.2814;-1.3125;1.416
13.463490;-0.3674;0.2661;-1.4958;1.563
13.473485;-0.3551;0.7867;-0.2792;0.907
13.483140;-0.5577;0.2991;0.2448;0.679
13.496555;-0.9490;-0.5894;-0.1377;1.126
13.503178;-0.7045;-0.9872;-0.5218;1.320
13.513330;-0.4917;-1.1909;-2.7132;3.004
13.523621;-0.7280;-0.8668;-1.9879;2.288
13.533640;-0.5253;0.3460;0.3760;0.733
13.552976;-0.6793;0.0341;0.7603;1.020
13.553907;-0.6916;-2.1890;-1.6015;2.799
13.563106;-0.9862;-3.7806;-2.4422;4.608
13.573642;-0.5820;-1.5572;0.2599;1.683
13.583161;0.3422;0.2670;0.5787;0.723
13.595222;0.4924;1.6593;0.7808;1.899
13.602336;0.0283;1.2281;-0.1056;1.233
13.613258;0.1540;1.2512;-0.1204;1.266
13.623118;-0.4304;1.0925;-0.2328;1.197
13.632123;-0.6857;0.9652;-0.0536;1.185
13.647378;0.0091;0.2113;-0.6600;0.693
13.652303;0.5096;-0.5766;-1.2986;1.509
13.667242;0.1183;-1.0300;-1.4127;1.752
13.673551;-0.2678;-1.5890;-1.6401;2.299
13.681853;-0.2745;-1.4525;-2.1304;2.593
13.697964;-0.1270;-0.6755;-2.7815;2.865
13.701599;-1.1600;2.2333;4.7530;5.378
13.712399;-0.0161;2.7755;1.0505;2.968
13.722380;-1.1092;-0.8882;3.5729;3.845
13.731642;-1.6927;-0.5125;4.4105;4.752
13.742431;1.7454;1.2472;2.3955;3.216
13.751124;2.6286;1.1348;0.0721;2.864
13.761233;-6.8185;-0.2842;0.9698;6.893
13.772087;-3.3480;-0.7652;0.0264;3.434
13.780869;-2.8353;-0.6460;-1.3967;3.226
13.796961;-1.3224;0.3160;-2.4360;2.790
13.800914;-0.0126;0.7753;-3.2210;3.313
13.816826;1.2616;1.1451;-3.3522;3.760
13.820872;1.6646;1.1688;-2.6828;3.367
13.830528;1.7466;1.1675;-1.4380;2.546
13.845301;1.7268;1.1743;-0.5683;2.164
13.851191;1.3613;0.8331;0.0753;1.598
13.862551;0.8454;0.6961;0.3960;1.165
13.871223;0.6366;0.6065;0.5115;1.017
13.880297;0.6083;0.7185;0.0409;0.942
13.890147;0.8315;0.8791;-1.0453;1.599
13.901494;0.9348;1.0453;-2.3851;2.767
13.910226;0.7832;1.2241;-2.4819;2.876
13.919906;0.6779;1.1754;-2.0815;2.485
13.930630;0.7935;1.0821;-1.2728;1.849
13.940248;0.8542;0.9464;-0.4651;1.357
13.949684;1.1140;0.6711;0.9309;1.599
13.960868;4.4069;-0.4180;8.8011;9.852
13.970555;1.3165;-0.0806;4.5878;4.774
13.979770;1.2476;1.0973;0.6549;1.786
14.002311;2.0558;1.0325;0.3507;2.327
14.002893;0.5579;0.3037;0.8514;1.062
14.010220;0.0156;0.3387;0.6651;0.747
14.019191;0.0009;0.4204;-0.0992;0.432
14.029363;0.2274;0.5036;-0.0211;0.553
14.039264;0.2657;0.5994;-0.1008;0.663
14.048864;0.2520;0.7019;-0.6530;0.991
14.061244;0.1525;0.6478;-0.8716;1.097
14.068837;-0.1014;0.5583;-0.4951;0.753
14.081140;-0.2830;0.4917;-0.1783;0.595
14.089513;-0.3684;0.4047;-0.1556;0.569
14.098711;-0.4041;0.3319;-0.3389;0.623
14.109634;-0.4087;0.3445;-0.6195;0.818
14.118366;-0.2811;0.3544;-0.4490;0.637
14.128211;-0.1153;0.3441;-0.0530;0.367
14.139548;0.0722;0.5109;0.1961;0.552
14.149352;0.0998;0.5683;-0.2888;0.645
14.158439;0.1270;0.5441;-0.8335;1.003
14.169149;0.1386;0.5981;-0.6937;0.926
14.178355;-0.0169;0.5075;-0.3009;0.590
14.188523;-0.1628;0.4013;0.0029;0.433
14.198053;-0.1407;0.3640;0.0912;0.401
14.209537;-0.0760;0.3550;0.1017;0.377
14.217579;-0.0754;0.3641;-0.0535;0.376
14.227714;0.0539;0.4507;-0.1300;0.472
14.238292;0.1324;0.4289;-0.0399;0.451
14.248354;0.1328;0.3773;-0.0478;0.403
14.262173;0.1717;0.5015;-0.3401;0.630
14.267620;0.1164;0.4486;-0.5939;0.753
14.277682;0.0431;0.3853;-0.7704;0.862
14.287261;0.1381;0.3915;-0.5952;0.726
14.297156;0.2061;0.3899;-0.1860;0.479
14.307551;0.1470;0.3500;0.0759;0.387
14.318371;0.0400;0.2702;0.1519;0.313
14.327652;0.1952;0.3349;0.0137;0.388
14.336763;0.2440;0.3871;-0.2219;0.509
14.346999;0.1947;0.3975;-0.4473;0.629
14.364101;0.0881;0.4105;-0.4376;0.606
14.366645;0.1250;0.3957;-0.2129;0.466
14.376685;0.0649;0.3639;-0.0277;0.371
14.386449;-0.0053;0.3629;0.0199;0.363
14.396415;0.1731;0.4418;-0.0792;0.481
14.410159;0.2831;0.4836;-0.1787;0.588
14.416483;0.1897;0.4469;-0.0719;0.491
14.428285;0.0877;0.3912;0.0741;0.408
14.435987;0.0465;0.4134;0.0832;0.424
14.446233;0.0064;0.3664;0.0533;0.370
14.456117;-0.0248;0.3463;0.0433;0.350
14.465776;0.0692;0.3913;0.0043;0.397
14.478634;0.1227;0.3957;-0.1131;0.429
14.486306;0.1376;0.3706;-0.0736;0.402
14.498666;0.1162;0.3561;0.0446;0.377
14.505921;0.1374;0.3532;0.1531;0.409
14.515550;0.1525;0.3126;0.1933;0.398
14.528311;0.0219;0.2524;0.1845;0.313
14.535384;-0.0158;0.2510;0.0490;0.256
14.545524;0.1721;0.3869;-0.0571;0.427
14.557958;0.2198;0.3658;-0.1538;0.454
14.565971;0.1732;0.3439;-0.0550;0.389
14.576995;0.1018;0.3214;-0.0156;0.337
14.585140;0.0876;0.2601;0.0429;0.278
14.595933;0.0960;0.2190;0.0529;0.245
14.605182;0.0082;0.1876;0.1121;0.219
14.614767;-0.0416;0.1949;0.0928;0.220
14.628417;-0.0071;0.2003;0.0047;0.200
14.634961;0.0355;0.2045;0.0930;0.227
14.649153;0.1685;0.2874;0.2013;0.389
14.654595;0.2275;0.3317;0.0256;0.403
14.665970;0.2019;0.3753;-0.1494;0.452
14.677302;0.1158;0.3718;-0.2956;0.489
14.684136;0.0843;0.3392;-0.2463;0.428
14.694281;0.0862;0.2674;-0.0114;0.281
14.704697;0.0664;0.2052;0.1741;0.277
14.714468;0.0375;0.1619;0.3207;0.361
14.724741;0.0719;0.1677;0.3208;0.369
14.733931;0.1295;0.2219;0.2136;0.334
14.743916;0.0935;0.2074;0.0481;0.233
14.754887;0.0424;0.2237;-0.0287;0.229
14.764075;-0.0842;-0.0614;0.0904;0.138
14.778809;-0.0559;0.0754;0.3368;0.350
14.783569;-0.0076;0.3383;0.3285;0.472
14.807451;0.0049;0.2845;0.0172;0.285
14.808350;0.0059;0.3556;-0.3428;0.494
14.813806;-0.8215;0.2692;-0.6053;1.055
14.823590;-0.5140;0.2704;-0.8877;1.061
14.833203;-0.0316;0.2861;-0.7396;0.794
14.843503;0.0739;0.4905;-0.4161;0.647
14.853211;0.1883;0.4710;-0.6225;0.803
14.862663;0.1116;0.3851;-0.6142;0.733
14.873680;0.1644;0.5463;-0.4504;0.727
14.883447;0.3486;0.5935;-0.2487;0.732
14.894386;0.4913;0.6441;0.0109;0.810
14.902879;0.6694;0.7220;0.1834;1.002
14.912815;0.5408;0.6266;0.2571;0.867
14.931064;0.3577;0.5693;0.2923;0.733
14.933122;0.3955;0.6116;0.1907;0.753
14.942390;0.4611;0.6618;-0.2037;0.832
14.952821;0.3998;0.5307;-0.2754;0.719
14.963102;0.3815;0.5470;0.0443;0.668
14.973485;0.3225;0.4833;0.2565;0.635
14.983118;0.2247;0.4506;0.5861;0.773
14.992119;0.2632;0.3148;0.5841;0.714
15.002777;0.2917;0.3030;0.2210;0.475
15.013353;0.2587;0.3551;-0.2776;0.520
15.022819;0.0862;0.2877;-0.6291;0.697
15.031644;-0.1368;0.1537;-0.4713;0.514
15.042452;-0.1264;0.1309;-0.1573;0.241
15.051445;0.0482;0.1558;0.0389;0.168
15.061468;0.1570;0.2184;0.0495;0.273
15.071561;0.2050;0.1793;-0.2239;0.353
15.083394;0.0836;0.2361;-0.5171;0.575
15.091130;-0.1509;0.1364;-0.5951;0.629
15.101293;-0.2103;0.0799;-0.4485;0.502
15.111428;-0.0354;0.1163;-0.0477;0.131
15.122821;-0.1530;0.0551;0.2060;0.262
15.131023;-0.2575;-0.0184;0.1370;0.292
15.141748;-0.2231;0.0137;0.0195;0.224
15.150931;-0.1903;0.0526;-0.1564;0.252
15.161561;-0.1208;0.1089;-0.2148;0.269
15.170988;-0.1015;0.1055;-0.3810;0.408
15.180830;-0.1516;0.1123;-0.3316;0.382
15.194523;-0.1602;0.0721;-0.2725;0.324
15.201201;-0.1575;0.0632;-0.2036;0.265
15.214571;-0.0592;0.0847;-0.0862;0.135
15.220409;0.0643;0.1455;0.0208;0.160
15.230124;-0.0069;0.1277;-0.0092;0.128
15.243185;-0.1348;0.1099;0.0100;0.174
15.249948;-0.1434;0.1117;0.0589;0.191
15.260042;-0.0832;0.1129;0.1373;0.196
15.270142;-0.0728;0.0827;0.1866;0.217
15.280948;-0.0808;0.1389;0.3932;0.425
15.293611;0.0223;0.2133;0.2964;0.366
15.300727;0.0232;0.2359;-0.1718;0.293
15.310039;-0.0669;0.2595;-0.5719;0.632
15.319635;0.0132;0.2951;-0.4436;0.533
15.329597;0.0978;0.2847;-0.1694;0.345
15.349827;0.0531;0.2463;0.1141;0.277
15.350522;0.0317;0.2371;0.2804;0.369
15.360887;0.1106;0.2660;0.3002;0.416
15.369500;0.1421;0.3025;0.2715;0.431
15.378998;0.2148;0.3461;0.2140;0.460
15.391194;0.1534;0.3663;-0.0286;0.398
15.398789;0.1006;0.3670;-0.3695;0.530
15.409050;0.0933;0.3968;-0.3088;0.511
15.419731;0.1205;0.4206;-0.1023;0.449
15.429023;0.1544;0.4057;0.0645;0.439
15.442026;0.1107;0.3726;0.3293;0.509
15.448621;0.1000;0.3498;0.3788;0.525
15.461179;0.1032;0.3643;0.2231;0.439
15.469179;0.1272;0.4177;0.0579;0.440
15.478704;0.1314;0.4310;-0.0287;0.451
15.496991;0.1825;0.3950;-0.0959;0.446
15.500699;0.1540;0.3993;0.1110;0.442
15.509688;0.1768;0.3560;0.0140;0.398
15.518999;0.1020;0.2915;-0.1021;0.325
15.527982;0.1603;0.3059;0.1241;0.367
15.543573;0.1292;0.2701;0.2133;0.368
15.547855;0.0234;0.1740;0.0482;0.182
15.558510;0.0996;0.2916;-0.3511;0.467
15.569109;0.1349;0.2544;-0.5941;0.660
15.577770;0.2166;0.2772;-0.4944;0.607
15.589775;0.2262;0.2629;-0.1897;0.395
15.598201;0.2068;0.2207;-0.1597;0.342
15.607984;0.1004;0.2372;-0.2963;0.393
15.617469;-0.0043;0.1461;-0.3836;0.411
15.628285;0.0200;0.1845;-0.2161;0.285
15.637662;0.1041;0.2246;-0.0586;0.254
15.648955;0.2486;0.2651;-0.0284;0.365
15.657861;0.1884;0.2359;-0.0959;0.317
15.666827;0.0599;0.2843;-0.3397;0.447
15.678323;0.1529;0.2826;-0.5839;0.666
15.686935;0.2291;0.3109;-0.3585;0.527
15.696734;0.1347;0.2420;-0.1436;0.312
15.708092;0.0389;0.1920;-0.0954;0.218
15.716754;-0.0243;0.1807;-0.0565;0.191
15.726845;-0.0796;0.1682;-0.0471;0.192
15.737134;-0.0955;0.1058;0.0507;0.151
15.747534;-0.0794;0.1412;-0.0275;0.164
15.768557;-0.0336;0.1590;0.1390;0.214
15.769423;0.0032;0.1097;0.1878;0.218
15.776336;-0.0764;0.1097;0.1582;0.207
15.786806;-0.0164;0.1394;0.0014;0.140
15.796407;0.0641;0.1597;-0.1160;0.208
15.808240;0.0066;0.1802;-0.0670;0.192
15.815712;-0.0128;0.1421;-0.0083;0.143
15.826146;-0.0629;0.1139;0.0402;0.136
15.837056;-0.0447;0.1435;0.1773;0.232
15.845716;-0.0835;0.1624;0.1677;0.248
15.855670;-0.0919;0.1798;-0.0081;0.202
15.865619;-0.0629;0.2344;-0.0761;0.254
15.875406;-0.0955;0.2598;-0.0464;0.281
15.893006;-0.1699;0.1757;-0.0952;0.262
15.895184;-0.1634;0.2110;-0.1734;0.318
15.915930;-0.0981;0.2260;-0.2024;0.319
15.916699;-0.0992;0.2043;-0.1531;0.274
15.925459;-0.0301;0.1933;-0.1333;0.237
15.936364;0.0000;0.2021;-0.0937;0.223
15.945035;-0.0383;0.1616;-0.1719;0.239
15.959357;-0.0572;0.1697;-0.2107;0.277
15.964895;-0.0091;0.1688;-0.1028;0.198
15.975304;-0.0112;0.1194;0.0832;0.146
15.984823;0.0273;0.1479;0.1324;0.200
15.995396;0.0377;0.1353;0.0643;0.154
16.006320;0.0388;0.1318;-0.0035;0.137
16.014371;0.0401;0.1856;-0.2083;0.282
16.027594;0.0300;0.1718;-0.1880;0.256
16.036335;0.0180;0.1596;-0.1682;0.233
16.044371;0.0237;0.2067;-0.1096;0.235
16.063018;0.0577;0.2152;-0.0414;0.227
16.064405;0.0422;0.2044;-0.0714;0.221
16.074728;0.0460;0.2227;-0.0131;0.228
16.084147;0.0305;0.2119;0.0451;0.219
16.094215;0.0459;0.2309;0.0642;0.244
16.105442;0.0721;0.2400;0.0247;0.252
16.113534;0.0204;0.1801;-0.0342;0.184
16.123751;0.0382;0.1993;-0.0245;0.204
16.134136;0.0458;0.1701;-0.0249;0.178
16.145524;0.0328;0.1696;-0.0644;0.184
16.160083;0.0465;0.1780;-0.0355;0.187
16.163428;0.0411;0.1960;0.0326;0.203
16.181927;0.0848;0.1935;-0.0361;0.214
16.183069;0.0333;0.2013;-0.1341;0.244
16.193207;0.0115;0.1602;-0.1733;0.236
16.206917;0.0281;0.2079;-0.0950;0.230
16.212923;0.0146;0.1871;-0.0560;0.196
16.223468;-0.0080;0.2244;-0.0756;0.237
16.234628;0.0297;0.2029;-0.1932;0.282
16.242644;0.0578;0.2215;-0.1735;0.287
16.252858;0.0457;0.1919;-0.0855;0.215
16.262448;0.0050;0.1529;-0.0171;0.154
16.273040;-0.0055;0.1532;0.0121;0.154
16.282521;0.0045;0.1531;-0.0858;0.176
16.293203;-0.0245;0.1332;-0.0465;0.143
16.302714;0.0646;0.1826;0.0319;0.196
16.312974;0.0977;0.2322;-0.0657;0.260
16.332814;0.0729;0.2614;-0.1533;0.312
16.333620;0.0683;0.2804;-0.2899;0.409
16.343960;0.0310;0.2699;-0.2503;0.369
16.351922;0.0288;0.2597;-0.1524;0.302
16.361840;0.0158;0.2498;-0.0351;0.253
16.374433;0.0424;0.2403;-0.0552;0.250
16.381807;0.0120;0.2312;-0.0260;0.233
16.392550;0.0418;0.2327;0.0227;0.238
16.404894;0.0223;0.2245;-0.0265;0.227
16.412714;0.0701;0.2252;-0.0072;0.236
16.422693;0.1077;0.2256;0.0121;0.250
16.431069;0.1458;0.2163;0.0903;0.276
16.442489;0.1168;0.2362;0.1197;0.289
16.451453;0.0797;0.2062;0.0612;0.229
16.461081;0.0529;0.2048;-0.0558;0.219
16.481912;0.0734;0.1923;-0.1140;0.235
16.482713;0.0620;0.2093;-0.1431;0.261
16.491881;0.0777;0.1972;-0.0157;0.213
16.501055;0.0733;0.2053;0.0820;0.233
16.510781;0.0623;0.2139;0.0723;0.234
16.526038;0.0341;0.2127;-0.0351;0.218
16.530473;0.0267;0.2317;-0.1033;0.255
16.541177;0.0299;0.2311;-0.0243;0.234
16.551513;0.0633;0.2508;0.1428;0.295
16.560299;0.0903;0.2019;-0.0131;0.222
16.570641;0.0229;0.2304;-0.0998;0.252
16.580123;0.0133;0.2099;-0.2651;0.338
16.590870;0.0641;0.2195;-0.2243;0.320
16.600337;0.0633;0.2300;-0.1546;0.284
16.610056;0.0357;0.1725;-0.2416;0.299
16.633021;0.0150;0.2036;-0.2897;0.354
16.633616;0.0536;0.2173;-0.1912;0.294
16.642031;0.0703;0.1732;-0.0833;0.205
16.649660;0.0111;0.1610;-0.0442;0.167
16.659527;0.0884;0.1570;-0.0146;0.181
16.672362;0.1292;0.1727;-0.0043;0.216
16.679336;0.1230;0.1390;0.0356;0.189
16.689506;0.1789;0.1933;0.0272;0.265
16.699902;0.1413;0.1883;-0.0196;0.236
16.709935;0.1029;0.2117;-0.0369;0.238
16.723822;0.0351;0.2046;-0.1128;0.236
16.729106;0.0143;0.2257;-0.3261;0.397
16.740920;0.0169;0.2264;-0.3832;0.445
16.750512;0.0131;0.2676;-0.1669;0.316
16.759228;0.0242;0.2503;-0.0004;0.251
16.773330;0.0445;0.2524;0.0679;0.265
16.778954;0.0950;0.2346;0.1266;0.283
16.789294;0.1077;0.2255;-0.0495;0.255
16.798403;0.1482;0.2347;-0.0786;0.288
16.808388;0.1283;0.2441;-0.0589;0.282
16.818991;0.1181;0.2146;0.0095;0.245
16.828005;0.1096;0.2159;0.0978;0.261
16.838327;0.1129;0.1780;0.0980;0.232
16.848151;0.1559;0.1981;0.0593;0.259
16.858334;0.1584;0.1782;0.0205;0.239
16.876031;0.1505;0.1578;0.0700;0.229
16.879670;0.0929;0.1367;0.0018;0.165
16.896586;0.1023;0.1833;-0.1644;0.267
16.898382;0.1498;0.2492;-0.2720;0.398
16.908630;0.1969;0.2765;-0.1837;0.386
16.918111;0.1170;0.2759;-0.0759;0.309
16.927729;0.0770;0.2565;-0.0565;0.274
16.939066;0.0662;0.2368;-0.0370;0.249
16.948971;0.0949;0.1978;-0.0176;0.220
16.957430;0.1250;0.1784;-0.0077;0.218
16.967520;0.1076;0.1689;-0.0662;0.211
16.977409;0.1109;0.1495;-0.1246;0.224
16.988078;0.0931;0.1597;-0.0754;0.200
16.996848;0.0945;0.1898;-0.0066;0.212
17.007106;0.0776;0.2102;-0.0554;0.231
17.017047;0.0243;0.1918;-0.1430;0.240
17.027767;0.0097;0.2027;-0.0934;0.223
17.044823;0.0230;0.1935;-0.0929;0.216
17.047021;0.0156;0.2223;-0.1415;0.264
17.056672;0.0563;0.2411;-0.0627;0.255
17.066658;0.0586;0.2406;-0.0426;0.251
17.076835;0.0521;0.2304;-0.0420;0.240
17.088149;0.1147;0.2301;0.0174;0.258
17.097183;0.2156;0.2501;0.1453;0.361
17.106915;0.2791;0.2998;0.0674;0.415
17.116254;0.3155;0.3203;-0.2257;0.503
17.126109;0.2575;0.2944;-0.4208;0.575
17.141944;0.2113;0.2915;-0.4102;0.546
17.146278;0.1768;0.2237;-0.5176;0.591
17.159816;-0.0536;0.2172;-0.4097;0.467
17.165856;0.0858;0.0947;0.2467;0.278
17.176417;0.3502;0.1798;0.5592;0.684
17.190343;0.5932;0.2679;0.5490;0.852
17.195731;0.4417;0.2043;0.6961;0.849
17.206081;0.3654;0.1164;0.8043;0.891
17.216145;0.3129;0.1204;0.7655;0.836
17.226569;0.1412;0.0717;0.8643;0.879
17.238380;0.1569;0.1564;0.8464;0.875
17.245284;0.4604;0.3089;0.6821;0.879
17.256806;0.8155;0.5208;0.2828;1.008
